[
    {
        "type": "text",
        "text": "Home Modifications Directory Of Maryland ",
        "text_level": 1,
        "page_idx": 0
    },
    {
        "type": "image",
        "img_path": "images/b3946c760976cf9a93987d8d929d86c72f47ae858fc49557ad0712f9ebf3209d.jpg",
        "image_caption": [],
        "image_footnote": [],
        "page_idx": 0
    },
    {
        "type": "text",
        "text": "Maryland Assistive Technology Program, Maryland Department of Disabilities ",
        "text_level": 1,
        "page_idx": 1
    },
    {
        "type": "text",
        "text": "The Home Modifications Resource Guide is a publication of the Maryland Department of Disabilities, Assistive Technology Program (MDTAP). This publication was made possible by Grant Number 90AG0006-01-00 from the Administration for Community Living. MDTAP is governed under the provisions of Public Law 108-364, and is provided as a cooperative service of the Department of Disabilities. MDTAP provides information on available products, devices, services and other resources to assist individuals with disabilities. No endorsements of these products, devices, services or resources are intended. ",
        "page_idx": 1
    },
    {
        "type": "text",
        "text": "This publication is available in alternative formats upon request. ",
        "text_level": 1,
        "page_idx": 2
    },
    {
        "type": "text",
        "text": "Table of Contents ",
        "text_level": 1,
        "page_idx": 2
    },
    {
        "type": "text",
        "text": "Funding for Home Modifications   \nTax Benefits… 4-5 Federal and State Financing .5-6 Maryland Centers for Independent Living 6 Web Resources .6 Correction Page.   \nIndex… .8 ",
        "page_idx": 2
    },
    {
        "type": "text",
        "text": "Funding Home Modifications ",
        "text_level": 1,
        "page_idx": 3
    },
    {
        "type": "text",
        "text": "Most people pay privately for home modifications, but some sources can help you pay for home modification and repairs. This guide includes information on loans (which must be paid back to the lending institutions), grants (money provided for free), and labor organizations that provide the materials, construction, and labor to build or conduct the home modifications at no cost to the consumer. ",
        "page_idx": 3
    },
    {
        "type": "text",
        "text": "Tax Benefits ",
        "text_level": 1,
        "page_idx": 3
    },
    {
        "type": "text",
        "text": "Federal ",
        "text_level": 1,
        "page_idx": 3
    },
    {
        "type": "text",
        "text": "You can deduct the cost of home modifications on your federal income tax if they are medically necessary. You need a written recommendation from a doctor to prove the expense is needed due to a disability or medical condition for yourself, a spouse or a dependent. If a medically necessary home modification does not increase the value of your property, you can deduct the full cost. If it adds value to your property, you can deduct the differences between the cost of the modifications and the value it adds to the property. ",
        "page_idx": 3
    },
    {
        "type": "text",
        "text": "",
        "text_level": 1,
        "page_idx": 3
    },
    {
        "type": "text",
        "text": "Maryland Independent Living Tax Credit - ",
        "page_idx": 3
    },
    {
        "type": "text",
        "text": "The Maryland Department of Housing and Community Development administers a State of Maryland tax credit for residents of the state who have renovated a home to be more accessible. The tax credit may be up to $50 \\%$ of the cost of the renovation up to $\\$ 5,000$ , whether it’s your own home, the home of a family member, or a rental property. ",
        "page_idx": 3
    },
    {
        "type": "text",
        "text": "Local ",
        "text_level": 1,
        "page_idx": 3
    },
    {
        "type": "text",
        "text": "Howard County Government Livable Homes Tax Credit Program is available to Howard County Residents who are owners of real property. These residents are eligible to apply for credit for approved modifications to their homes. Examples of approved modifications include ramps, stair glides, and modifications to doorways and bathrooms. ",
        "page_idx": 3
    },
    {
        "type": "text",
        "text": "ADA Tax Credit for Businesses ",
        "text_level": 1,
        "page_idx": 3
    },
    {
        "type": "text",
        "text": "A special tax credit is available to help smaller employers make accommodations required by the ADA. More details and appropriate forms can be found online at the IRS website. ",
        "page_idx": 3
    },
    {
        "type": "text",
        "text": "Resources on the Web ",
        "text_level": 1,
        "page_idx": 4
    },
    {
        "type": "text",
        "text": "NOTE: if you do not have Internet access, you may request copies of these materials from Maryland TAP at 1-800-832-4827 (voice/TTY). ",
        "page_idx": 4
    },
    {
        "type": "text",
        "text": "“How to Build Wheelchair Ramps for Home” is a manual of design and construction for modular wheelchair ramps. This manual includes information about ramps and longtread low-riser steps to improve safe home accessibility. The manual is available through the Metropolitan Center for Independent Living for $\\$ 15.00$ . Videos are also available on accessible building. For ordering information, please call 651-603-2029. Web site: http://www.klownwerkz.com/ramp/default.htm ",
        "page_idx": 4
    },
    {
        "type": "text",
        "text": "The Center for Universal Design is a national center that evaluates, develops and promotes accessible design in building and related products. Website: www.ncsu.edu/ncsu/design/cud/about_ud/udprinciples.htm ",
        "page_idx": 4
    },
    {
        "type": "text",
        "text": "Correction Page ",
        "text_level": 1,
        "page_idx": 5
    },
    {
        "type": "text",
        "text": "We have supplied a correction page in an attempt to catch any mistakes that may have slipped by our editors, and to note changes in information for our next update to this Directory. Please fax or mail any changes or corrections to us using this sheet. Thank you! ",
        "page_idx": 5
    },
    {
        "type": "text",
        "text": "Name: Address: Telephone ",
        "page_idx": 5
    },
    {
        "type": "text",
        "text": "Page Were Correction/Change is needed: ",
        "page_idx": 5
    },
    {
        "type": "text",
        "text": "Corrected Information: ",
        "page_idx": 5
    },
    {
        "type": "text",
        "text": "Please fax to: 410-554-9237 ",
        "page_idx": 5
    },
    {
        "type": "text",
        "text": "E-Mail: mdtap.general@maryland.gov ",
        "page_idx": 5
    },
    {
        "type": "text",
        "text": "Or mail to: Maryland Assistive Technology Program Workforce and Technology Center 2301 Argonne Drive, Room T-42 Baltimore, MD 21218 ",
        "page_idx": 5
    },
    {
        "type": "text",
        "text": "INDEX ",
        "text_level": 1,
        "page_idx": 6
    },
    {
        "type": "text",
        "text": "Federal and State Financing   \nEquipment Supplies 10-14   \nFunding Sources and Loans Program… . 15-21   \nHome Assessment/Equipment Evaluation . 22-26   \nInformation and Referral 27-29   \nLicensed Home Improvement Contractors.. . 30-40   \nVolunteer Organization .41-45 ",
        "page_idx": 6
    },
    {
        "type": "text",
        "text": "FEDERAL & STATE FINANCING ",
        "text_level": 1,
        "page_idx": 7
    },
    {
        "type": "text",
        "text": "Federal Resources ",
        "text_level": 1,
        "page_idx": 7
    },
    {
        "type": "text",
        "text": "Community Development Block Grant (CDBG) Program ",
        "page_idx": 7
    },
    {
        "type": "text",
        "text": "The CDBG program provides annual grants on a formula basis to entitled cities,   \nurban counties and states to develop viable urban communities by providing   \ndecent housing and a suitable living environment, and by expanding economic   \nopportunities, principally for low- and moderate-income persons. Some local   \nhousing agencies utilize portions of their CDBG program to pay for various kinds   \nof home modifications. To contact your local CDBG grantee, call the US   \nDepartment of Housing and Urban Development at (202) 708-1112, or visit:   \nwww.hud.gov/local/md/community/cdbg/index.cfm or   \nwww.usc.edu/dept/gero/nrcshhm/directory/md.htm ",
        "page_idx": 7
    },
    {
        "type": "text",
        "text": "HOME ",
        "text_level": 1,
        "page_idx": 7
    },
    {
        "type": "text",
        "text": "HOME provides formula grants to States and localities that communities use— often in partnership with local nonprofit groups—to fund a wide range of activities that build, buy, and/or rehabilitate affordable housing for rent or homeownership or provide direct rental assistance to low-income people. For more information visit: www.hud.gov/offices/cpd/affordablehousing/programs/home ",
        "page_idx": 7
    },
    {
        "type": "text",
        "text": "State Resources ",
        "text_level": 1,
        "page_idx": 7
    },
    {
        "type": "text",
        "text": "Maryland WholeHome ",
        "text_level": 1,
        "page_idx": 7
    },
    {
        "type": "text",
        "text": "The Maryland Department of Housing and Community Development (DHCD) offers loans for home modifications. The purpose of the Maryland WholeHome Program is to preserve and improve single-family properties by providing access to funding to correct exterior and interior deficiencies; make modifications for increased home accessibility (grab bars, ramps, etc.); correct health and safety violations; improve weatherization and energy conservation; and correct leadbased paint violations. For more information contact: 1-800-638-7781. ",
        "page_idx": 7
    },
    {
        "type": "text",
        "text": "Accessible Homes for Seniors ",
        "text_level": 1,
        "page_idx": 7
    },
    {
        "type": "text",
        "text": "The Maryland Department of Housing and Community Development (DHCD), in partnership with the Maryland Department of Aging (MDoA), coordinated a project to promote accessibility related improvements to the homes of seniors, allowing seniors to remain in their homes and maintain independence. The program provides zero percent interest, deferred loans for a term of 30 years to finance accessibility improvements. The program is available throughout the State and marketed through the Area Agencies on Aging. ",
        "page_idx": 7
    },
    {
        "type": "text",
        "text": "Maryland Medicaid Waivers ",
        "text_level": 1,
        "page_idx": 7
    },
    {
        "type": "text",
        "text": "Most states offer Medicaid programs that cover home modifications to enable elderly and / or individuals with disabilities to remain living at home. Some waivers pay for assistive technologies such as special equipment for a washroom and adaptive lighting. Other waivers pay for physical modifications to the home, such as the addition of wheelchair ramps, stairlifts, and walk-in or wheelchair accessible bathtubs and showers. These modifications are more formally referred to as Environmental Accessibility Adaptations. Please note, unlike nursing home Medicaid, waivers are not an entitlement. (An entitlement means that anyone eligible will receive care). Typically, waiver programs have limited participant enrollment. And sometimes waiting lists exist for services. For a complete list of Medicaid Waivers in Maryland that include home modifications, click here. ",
        "page_idx": 7
    },
    {
        "type": "text",
        "text": "",
        "page_idx": 8
    },
    {
        "type": "text",
        "text": "HomeAbility ",
        "text_level": 1,
        "page_idx": 8
    },
    {
        "type": "text",
        "text": "HomeAbility is a special product designed to assist Maryland homebuyers with disabilities to finance their home purchase. This loan product is made available through the Maryland Department of Housing and Community Development. ",
        "page_idx": 8
    },
    {
        "type": "text",
        "text": "Centers for Independent Living ",
        "text_level": 1,
        "page_idx": 8
    },
    {
        "type": "text",
        "text": "Maryland Centers for Independent Living can help you get the resources you need for home modifications. There are seven centers in Maryland: ",
        "page_idx": 8
    },
    {
        "type": "text",
        "text": "IMAGE Center 410-982-6311 serves Baltimore City, Baltimore County, and Harford County;   \n Independence Now serves Prince George’s and Montgomery, 301-277- 2839;   \n Resources for Independence, 301-784-1774, serves Garrett, Allegany, and Washington Counties; Freedom Center, 301-846-7811, serves Frederick and Carroll Counties; Southern Maryland Center for Independent Living, 301-884-4498, serving St. Mary’s, Calvert and Charles Counties; Bay Area CIL serving all 8 counties on the Eastern Shore from Somerset to Kent; and Accessible Resources for Independence, (410) 636-2274 serves Anne Arundel and Howard Counties. ",
        "page_idx": 8
    },
    {
        "type": "text",
        "text": "EQUIPMENT SUPPLIES ",
        "text_level": 1,
        "page_idx": 9
    },
    {
        "type": "text",
        "text": "Accessible Living, A Division of Metropolitan Bath and Tile 6806 Laurel Bowie Rd.   \nBowie, MD 20715   \nPhone: 301-835-1736   \nEmail: bowie@metrobath.com   \nWebsite: https://metrobathandtile.com/accessible-living/   \nDescription: Home Modifications, Accessible Living, Aging in Place, Barrier Free Bathrooms, Roll-In Showers, Universal Design Kitchens, Universal Design Bathrooms, Ceiling Lifts & Ceiling Tracking Systems, Stair Lifts/Glides, Platform Lifts, Wheelchair Lifts, Automated Door Opening Systems, Grab Bars, Ramps, Lighting, Handrails, Decks, Widen Doorways, Widen Hallways, Relocate   \nSwitches, Medi-Tubs, Walk-in Tubs, Residential Elevators, etc. MHIC #129895 Type: Equipment Supplies   \nCounties: Howard, Montgomery, Prince George’s, Anne Arundel, Baltimore, Carroll, Frederick, Harford, Queen Anne’s, Talbot, Calvert, Charles American Medical Equipment   \n733 Fredrick Road   \nCatonsville, MD 21228   \nPhone: 410-719-1222   \nFax: 410-719-6676   \nWebsite: www.amedeq.com   \nDescription: Specializes in sales and installation of stair lifts/glides. Also sells and installs modular ramps and sells portable ramps.   \nType: Equipment Supplies   \nCounties: All Maryland Counties Area Access- Manassas   \n7131 Gateway Ct. Manassas, VA 20109   \nPhone: 703-396-4949 or 1-800-333-2732   \nFax: 703-396-4950   \nWebsite: www.areaaccess.com   \nDescription: Mobility equipment supplier and installer, including residential elevators, stair lifts, lift chairs. Licensed by the MHIC.   \nType: Equipment Supplies   \nCounties: All Maryland Counties ",
        "page_idx": 9
    },
    {
        "type": "text",
        "text": "",
        "page_idx": 9
    },
    {
        "type": "text",
        "text": "",
        "page_idx": 9
    },
    {
        "type": "text",
        "text": "Area Access- Richmond 2207 Tazewell Street, Richmond VA. 23222 Phone: 804-355-7102 Website: www.areaaccess.com ",
        "page_idx": 9
    },
    {
        "type": "text",
        "text": "Description: Mobility equipment supplier and installer, including residential elevators, stair lifts, lift chairs. Licensed by the MHIC.   \nType: Equipment Supplies   \nCounties: All Maryland Counties Area Access- Norfolk   \n2812 Cromwell Drive, Norfolk VA.23509   \nPhone: 757-852-2732   \nWebsite: www.areaaccess.com   \nDescription: Mobility equipment supplier and installer, including residential elevators, stair lifts, lift chairs. Licensed by the MHIC.   \nType: Equipment Supplies   \nCounties: All Maryland Counties Bedco Mobility, Inc.   \n6300 Falls Road, Unit 2, Baltimore, MD 21209   \nPhone: 410-825-1440   \nEmail: info@bedcomobility.com   \nWebsite: https://www.bedcomobility.com   \nDescription: Install and service accessibility equipment including residential stairlifts, wheelchair lifts, home elevators, adaptive driving aids such as hand controls, spinner knobs and left foot accelerators, van and scooter lifts. They also sell and rent wheelchair accessible vans. ",
        "page_idx": 10
    },
    {
        "type": "text",
        "text": "",
        "page_idx": 10
    },
    {
        "type": "text",
        "text": "",
        "page_idx": 10
    },
    {
        "type": "text",
        "text": "Type: Equipment Supplies Counties: All Maryland Counties ",
        "page_idx": 10
    },
    {
        "type": "text",
        "text": "NuMotion   \n2700 Lord Baltimore Drive, Baltimore, MD 21244   \nPhone: 410-298-4555 or 800-777-6981   \nFax: 410-298-1642   \nWebsite: https://www.numotion.com/locations/baltimore-md   \nDescription: Custom rehab equipment   \nType: Equipment Supplies   \nCounties: All Maryland Counties ",
        "page_idx": 10
    },
    {
        "type": "text",
        "text": "Choice Marketing & Sales, Inc. ",
        "text_level": 1,
        "page_idx": 10
    },
    {
        "type": "text",
        "text": "1393 Tanyard LN Pasadena, Maryland 21122 Phone: 1-888-761-8780 or 410-761-8787 Fax: 410-437-8077 E-Mail: choicedisabilities@verizon.net ",
        "page_idx": 10
    },
    {
        "type": "text",
        "text": "Description: Stair and vehicle lifts, equipment evaluation and repair, home   \nassessment and renovations, vehicle sales   \nType: Equipment Supplies   \nCounties: All Maryland Counties RCM   \n965 Baltimore Annapolis Blvd   \nP.O. Box 1199   \nSeverna Park, Maryland 21146   \nPhone: 888-353-8878   \nFax: 410-544-1137   \nWebsite: https://rcmelevators.com/   \nDescription: Installation and maintenance of elevators, stair/chair lifts, and other durable medical equipment.   \nType: Equipment Supplies   \nCounties: All Maryland Counties The Scooter Shop   \n6360 South Hanover Rd. Suite B   \nElkridge, MD 21075   \nPhone: 877-224-2294 or 443-832-0069   \nE-Mail: jim@yourscootershop.com   \nWebsite: www.yourscootershop.com   \nDescription: Sells and services durable medical equipment.   \nType: Durable Medical Equipment Supplier   \nCounties: Baltimore City, Baltimore County, Howard County, Anne Arundel County, Carroll County, Montgomery County, Harford County, Cecil   \nCounty, Prince George’s County, Maryland, and Washington DC. ",
        "page_idx": 11
    },
    {
        "type": "text",
        "text": "",
        "page_idx": 11
    },
    {
        "type": "text",
        "text": "",
        "page_idx": 11
    },
    {
        "type": "text",
        "text": "Atlantic Door Control/ASSA ABLOY ",
        "text_level": 1,
        "page_idx": 11
    },
    {
        "type": "text",
        "text": "9550 Berger Road   \nColumbia, MD 21046-1513   \nPhone: 410-290-9500 or 800-899-2324   \nFax: 410-290-9575 (Sales & Administration) or 410-290-8775 (Service Division) Website: www.atlanticdoorcontrol.com   \nDescription: An international company that sells commercial and residential automatic sliding doors, apartment doors, swinger doors, etc.   \nType: Equipment Supplies   \nCounties: International Frederick, MD. 21703   \nPhone: 240-490-7840   \nWebsite: www.tmservices.com   \nDescription: New, used and rental wheelchair vans, adapted driving equipment, high tech driving equipment, sales & service, ramps, elevators, ceiling lifts, mobility products.   \nType: Equipment Supplies   \nCounties: Frederick, Montgomery, Washington, Carroll, Prince George’s USA Rehab   \n105 Sudbrook Ln. Suite 107   \nPikesville, MD 21208   \nPhone: 410-653-3903   \nFax: 410-653-6996   \nE-mail: shara@usa-rehab.com   \nWebsite: www.usa-rehab.com   \nDescription: Rents and sells modular ramps, portable lifts, grab bars, etc. Type: Durable Medical Equipment Supplier   \nCounties: All Maryland Counties ",
        "page_idx": 11
    },
    {
        "type": "text",
        "text": "",
        "page_idx": 12
    },
    {
        "type": "text",
        "text": "",
        "page_idx": 12
    },
    {
        "type": "text",
        "text": "FUNDING SOURCES AND LOAN PROGRAMS ",
        "text_level": 1,
        "page_idx": 13
    },
    {
        "type": "text",
        "text": "Assistive Technology Financial Loan Program ",
        "text_level": 1,
        "page_idx": 13
    },
    {
        "type": "text",
        "text": "MDTAP   \n2301 Argonne Drive, Room T-42   \nBaltimore, MD 21218   \nPhone: 410-554-9230 or 1-800-832-4827   \nTTY: 1-866-881-7488   \nFax: 410-554-9237   \nE-Mail: mdtap.atlp@maryland.gov   \nWebsite: www.mdtap.org   \nDescription: Aids Maryland residents with disabilities and their families in qualifying for low-interest loans to purchase assistive technology. No fee to apply for a loan.   \nType: Funding Sources and Loan Programs   \nCounties: All Maryland Counties ",
        "page_idx": 13
    },
    {
        "type": "text",
        "text": "BCAUSE, Baltimore County Age Friendly Upgrades ",
        "text_level": 1,
        "page_idx": 13
    },
    {
        "type": "text",
        "text": "400 Washington Avenue   \nBaltimore, MD 21204   \nPhone: 410-887-2109   \nE-Mail: afbc@baltimorecountymd.gov   \nWebsite: https://www.baltimorecountymd.gov/departments/aging/programsservices/age-friendly   \nDescription: Baltimore County Age-Friendly Upgrades for Seniors, BCAUSE, helps seniors over the age of 65 remain in their homes as they age. To be eligible for the program, a person needs to be a Baltimore County homeowner who is 65 years or older and is at or below 50 percent of area median income. Type: Funding Sources and Loan Programs   \nArea: Baltimore County CHAI: Comprehensive Housing Assistance, Inc.   \n5809 Park Heights Avenue   \nBaltimore, MD 21215   \nPhone: 410-500-5300   \nFax: 410-466-1996   \nE-Mail: info@chaibaltimore.org   \nWebsite: www.chaibaltimore.org   \nDescription: Provides loans and grants to low and moderate income seniors $6 2 +$ and individuals with disabilities for home repairs, modifications and safety and OT evaluations. Services limited to Northern Park Heights neighborhoods in the 21215 zip code.   \nType: Funding Sources and Loan Programs ",
        "page_idx": 13
    },
    {
        "type": "text",
        "text": "",
        "page_idx": 13
    },
    {
        "type": "text",
        "text": "Area: Neighborhoods of Falstaff, Glen, Mt. Washington, Cross Country, Pikesville, Randallstown and Cheswolde ",
        "page_idx": 14
    },
    {
        "type": "text",
        "text": "Centers for Independent Living ",
        "text_level": 1,
        "page_idx": 14
    },
    {
        "type": "text",
        "text": "7 CILs serving all counties in Maryland   \nWebsite: https://www.ilru.org/projects/cil-net/cil-center-and-association-directoryresults/MD   \nDescription: The CILs across Maryland provide assistive technology matching grants to help fund the cost assistive technology, including the cost related to home modifications for accessibility. Amount of grant varies amongst each CIL. Type: Funding Sources and Loan Programs   \nArea: All Maryland Counties ",
        "page_idx": 14
    },
    {
        "type": "text",
        "text": "Developmental Disabilities Administration (DDA) – Main Branch ",
        "text_level": 1,
        "page_idx": 14
    },
    {
        "type": "text",
        "text": "201 W Preston Street, Suite 422 $4 ^ { \\mathrm { t h } }$ Floor   \nBaltimore, MD 21201   \nPhone: 410-767-5600   \nFax: 410-767-5850   \nWebsite: dda.health.maryland.gov   \nDescription: The Developmental Disabilities Administration funds a variety of services for people who have developmental disabilities, including determining eligibility for services and medical waivers. Some services and waivers include funding home modifications and assistive technology. See branch information below. ",
        "page_idx": 14
    },
    {
        "type": "text",
        "text": "Type: Funding Sources and Loan Programs ",
        "page_idx": 14
    },
    {
        "type": "text",
        "text": "DDA - Central Maryland ",
        "text_level": 1,
        "page_idx": 14
    },
    {
        "type": "text",
        "text": "Maryland Department of Health and Mental Hygiene   \nCentral Maryland Regional Office   \n1401 Severn St.   \nBaltimore, MD 21230   \nPhone: 410-234-8200 or 1-877-874-2494   \nTTY: 1-800-735-2258   \nFax: 410-234-8397   \nEmail: bianca.renwick@maryland.gov   \nCounties: Anne Arundel, Howard, Harford, Baltimore County, and Baltimore City ",
        "page_idx": 14
    },
    {
        "type": "text",
        "text": "DDA - Eastern Shore ",
        "text_level": 1,
        "page_idx": 14
    },
    {
        "type": "text",
        "text": "Maryland Department of Health and Mental Hygiene   \nEastern Regional Office   \n926 Snow Hill RD   \nSalisbury, MD 21804   \nPhone: 410-572-5920 or 1-888-219-0478   \nTTY: 1-800-735-2258   \nEmail: rachel.white@maryland.gov   \nCounties: Caroline, Cecil, Dorchester, Worcester, Wicomico, Talbot, Somerset,   \nQueen Anne's, and Kent   \nDDA - Southern Maryland   \nMaryland Department of Health and Mental Hygiene   \nSouthern Maryland Regional Office   \n312 Marshall Ave., 7th Floor   \nLaurel, MD 20707   \nPhone: 301-362-5100 or 1-888-207-2479   \nTTY: 301-362-5131   \nEmail: michael.bryan@maryland.gov   \nCounties: Calvert, Charles, St. Mary's, Prince George's, and Montgomery ",
        "page_idx": 14
    },
    {
        "type": "text",
        "text": "",
        "page_idx": 15
    },
    {
        "type": "text",
        "text": "",
        "page_idx": 15
    },
    {
        "type": "text",
        "text": "DDA - Western Maryland ",
        "text_level": 1,
        "page_idx": 15
    },
    {
        "type": "text",
        "text": "Maryland Department of Health and Mental Hygiene   \nWestern Maryland Regional Office   \n1360 Marshall St.   \nHagerstown, MD 21740   \nPhone: 301-791-4670 or 1-888-791-0193, 1800-735-2258 (240) 313-3869 Fax: 301-791-4019   \nEmail: Linda.yale@maryland.gov.   \nCounties: Allegany, Carroll, Frederick, Garrett, Washington ",
        "page_idx": 15
    },
    {
        "type": "text",
        "text": "Division of Rehabilitation Services (DORS) ",
        "text_level": 1,
        "page_idx": 15
    },
    {
        "type": "text",
        "text": "Maryland State Dept. of Education   \n2301 Argonne Drive   \nBaltimore, MD 21218   \nPhone: 410-554-9442 or 1-800-479-8613   \nTTY: 410-554-9411   \nFax: 410-554-9222   \nEmail: dors@msde.state.md.us   \nWebsite: www.dors.state.md.us ",
        "page_idx": 15
    },
    {
        "type": "text",
        "text": "Description: DORS administers vocational rehabilitation in Maryland for people with disabilities. This program provides rehabilitation services to eligible individuals with the goal of employment. The Independent Living program serves a small number of eligible individuals whose goal is increased independence in their living arrangements. DORS provides funding for home assessments and modifications in some cases, as well as equipment evaluations. Sliding scale fees. Require documentation of financial need. Individuals with higher incomes may be required to pay some of the costs, but many pay nothing. Other possible funding sources must be explored. Ages $1 6 \\&$ up. ",
        "page_idx": 15
    },
    {
        "type": "text",
        "text": "Type: Funding Sources and Loan Programs; Home Assessment / Equipment Evaluation Counties: All Maryland Counties ",
        "text_level": 1,
        "page_idx": 16
    },
    {
        "type": "text",
        "text": "Eric Fund, The   \nP.O. Box 65188   \nWashington, DC 20035-5188   \nPhone: 202-841-2700   \nE-Mail: info@ericfund.org   \nWebsite: www.ericfund.org ",
        "page_idx": 16
    },
    {
        "type": "text",
        "text": "Description: The Eric Fund, a Washington, DC-based nonprofit, was established in memory of Eric C. Savader, a disability rights advocate who died of cancer in 1997. The goal of the Eric Fund is to help children and adults with disabilities in the Washington, DC, metropolitan area lead more independent, productive lives by purchasing assistive technology not covered by insurance or other funding streams. Twice annually the Eric Fund awards grants to deserving individuals based on financial need. Each year, the Eric Fund gives away $\\$ 10,000$ in assistive technology and living aids for people with disabilities in the Washington, D.C. area including Northern Virginia and Maryland. Type: Funding Sources and Loan Programs ",
        "page_idx": 16
    },
    {
        "type": "text",
        "text": "Help Hope Live   \n2 Radnor Corporate Center   \n100 Matson Ford RD Suite 100   \nRadnor, PA 19087   \nPhone: 1-800-642-8399   \nWebsite: www.helphopelive.org   \nDescription: Supports community-based fundraising for people with unmet medical expenses and related costs due to cell and organ transplants or catastrophic injuries and illnesses.   \nType: Funding Sources and Loan Programs   \nCounties: All Maryland Counties ",
        "page_idx": 16
    },
    {
        "type": "text",
        "text": "HUBS, Housing Upgrades to Benefit Seniors ",
        "page_idx": 16
    },
    {
        "type": "text",
        "text": "2701 Saint Lo Drive,   \nBaltimore, MD 21213   \nPhone: 410-366-8533   \nFax: 410-366-1831   \nEmail: info@civicworks.com   \nWebsite: https://civicworks.com/programs/housing-upgrades-to-benefit-seniors/ Description: Social Workers and staff members based at each site work with clients one-on-one through assessing their home modification needs and determining other community resources that may improve the quality of their lives. ",
        "page_idx": 16
    },
    {
        "type": "text",
        "text": "Loading Dock, The 2 North Kresson Street Baltimore, MD 21224 Phone: 410-558-DOCK (3625) Fax: 410-558-1888 Email: kirkland@loadingdock.org Website: www.loadingdock.org ",
        "page_idx": 17
    },
    {
        "type": "text",
        "text": "Description: A 2100 square foot warehouse that acts as a clearinghouse for new and used building materials, which are distributed to families with low incomes and nonprofit agencies. Nominal membership fee, minimal charges for materials. ",
        "page_idx": 17
    },
    {
        "type": "text",
        "text": "Referral Required: From Department of Social Services or a nonprofit organization. ",
        "page_idx": 17
    },
    {
        "type": "text",
        "text": "Type: Funding Sources and Loan Programs Counties: All Maryland Counties ",
        "page_idx": 17
    },
    {
        "type": "text",
        "text": "Muscular Dystrophy Association ",
        "text_level": 1,
        "page_idx": 17
    },
    {
        "type": "text",
        "text": "8501 LaSalle Road #106   \nTowson, MD 21286   \nPhone: 410-494-7106; 1-833-275-6321   \nFax: 410-494-0082   \nWebsite: www.mda.org ",
        "page_idx": 17
    },
    {
        "type": "text",
        "text": "Description: Helps pay for occupational therapy (OT) evaluations, which may include recommendations for home modifications. Works with designated occupational therapists. Pays a set amount for one evaluation per person per year; MDA pays up to $\\$ 200$ per evaluation. Serves only people with neuromuscular disorders, including muscular dystrophy. ",
        "page_idx": 17
    },
    {
        "type": "text",
        "text": "Type: Funding Sources and Loan Programs Counties: All Maryland Counties ",
        "page_idx": 17
    },
    {
        "type": "text",
        "text": "National Multiple Sclerosis Society - Maryland Chapter ",
        "text_level": 1,
        "page_idx": 17
    },
    {
        "type": "text",
        "text": "2219 York Rd #302,   \nTimonium, MD 21093   \nPhone: 443-641-1200 or 1-800-FIGHT-MS   \nFax: 443-641-1201   \nEmail: tod.robertson@nmss.org or info@nmss-md.org   \nWebsite: www.nationalmssociety.org   \nDescription: The Chapter offers hands-on assistance to people with multiple   \nsclerosis who need help navigating the complex federal, state and community ",
        "page_idx": 17
    },
    {
        "type": "text",
        "text": "programs available for people with disabilities. Assistance includes area such as services available to help people remain in their homes safely, affordable health insurance options, employment laws, and financial planning and financial assistance resources. ",
        "page_idx": 18
    },
    {
        "type": "text",
        "text": "Type: Funding Sources and Loan Programs Counties: All Maryland Counties ",
        "page_idx": 18
    },
    {
        "type": "text",
        "text": "Rural Development Administration - Maryland and Delaware State Office ",
        "text_level": 1,
        "page_idx": 18
    },
    {
        "type": "text",
        "text": "USDA Rural Development   \nMaryland/Delaware State Office   \n1221 College Park Drive, Suite 200, Dover, DE 19904   \nPhone: 302-857-3581   \nFax: 855-389-2241   \nContact: David Baker, State Director   \nEmail: David.Baker3@usda.gov   \nWebsite: https://www.rd.usda.gov/de_md ",
        "page_idx": 18
    },
    {
        "type": "text",
        "text": "Description: 504 Loan and Grant program provides $1 \\%$ loans up to a maximum of $\\$ 20,000$ per loan to homeowners of any age who live in rural areas and have very low incomes. Sometimes have funds available for grants of up to $\\$ 7,500$ for rural homeowners who are 62 and older and have very low incomes. Loans and grants may be used for home modifications, purchases, and repairs. To qualify for loans, must be unable to obtain a commercial loan, have good credit and be able to repay the loan. Both programs are limited to rural areas. ",
        "page_idx": 18
    },
    {
        "type": "text",
        "text": "Type: Funding Sources and Loan Programs Counties: All Maryland Counties ",
        "page_idx": 18
    },
    {
        "type": "text",
        "text": "Specially Adapted Housing for Disabled Veterans ",
        "text_level": 1,
        "page_idx": 18
    },
    {
        "type": "text",
        "text": "Department of Veterans Affairs, Veterans Affairs Regional Office, 31 Hopkins Plaza, Rm 3020 Baltimore, MD 21201   \nPhone: 410-230-4444   \nToll free: 800-446-4926   \nFax: 410-203-4445   \nWebsite: https://www.va.gov/housing-assistance/disability-housing-grants Description: Assists certain disabled veterans and retired military personnel in acquiring suitable housing units, with adapted features. Can assist in financing new construction or remodeling, or applications against an outstanding mortgage on a specially adapted home. The disability must be service connected and fall within a set of specified parameters, which includes mobility impairment.   \nPlease call the VA before buying a house so they can examine it to see if a grant can be issued for that particular home. ",
        "page_idx": 18
    },
    {
        "type": "text",
        "text": "Travis Roy Foundation ",
        "text_level": 1,
        "page_idx": 19
    },
    {
        "type": "text",
        "text": "HOME ASSESSMENT / EQUIPMENT EVALUATION ",
        "text_level": 1,
        "page_idx": 20
    },
    {
        "type": "text",
        "text": "Abilities OT & Irlen Diagnostic Center ",
        "text_level": 1,
        "page_idx": 20
    },
    {
        "type": "text",
        "text": "600 Reisterstown Rd #600GHI, Baltimore, MD 21208 Phone: 410-358-7269 Fax: 443-438-9948 Email: info@aotss.com Website: www.aotss.com ",
        "page_idx": 20
    },
    {
        "type": "text",
        "text": "Description: Virtual and onsite home assessments and consultations. ",
        "page_idx": 20
    },
    {
        "type": "text",
        "text": "Comprehensive testing for sensory and environmental stressors and physical barriers. Office, home, classroom, and ergonomic assessments. Over 30 years of experience working with clients , caregivers and design/build professionals ",
        "page_idx": 20
    },
    {
        "type": "text",
        "text": "Referral: Doctor's referral may be required for certain types of insurance reimbursements for home assessments ",
        "page_idx": 20
    },
    {
        "type": "text",
        "text": "Type: Home Assessment / Equipment Evaluation Counties: All Maryland Counties ",
        "page_idx": 20
    },
    {
        "type": "text",
        "text": "Division of Rehabilitation Services (DORS) ",
        "text_level": 1,
        "page_idx": 20
    },
    {
        "type": "text",
        "text": "Maryland State Dept. of Education   \n2301 Argonne Drive   \nBaltimore, MD 21218   \nPhone: 410-554-9442   \nTTY: 1-866-881-7488   \nFax: 410-554-9136   \nEmail: dors@msde.state.md.us   \nWebsite: www.dors.state.md.us ",
        "page_idx": 20
    },
    {
        "type": "text",
        "text": "Description: DORS administers vocational rehabilitation in Maryland for people with disabilities. This program provides rehabilitation services to eligible individuals with the goal of employment. The Independent Living program serves a small number of eligible individuals whose goal is increased independence in their living arrangements. DORS provides funding for home assessments and modifications in some cases, as well as equipment evaluations. Sliding scale fees. Require documentation of financial need. Individuals with higher incomes may be required to pay some of the costs, but many pay nothing. Other possible funding sources must be explored. Ages $1 6 \\&$ up. ",
        "page_idx": 20
    },
    {
        "type": "text",
        "text": "Type: Funding Sources and Loan Programs; Home Assessment / Equipment   \nEvaluation   \nCounties: All Maryland Counties ",
        "page_idx": 20
    },
    {
        "type": "text",
        "text": "Easter Seals Delaware & Maryland Eastern Shore ",
        "text_level": 1,
        "page_idx": 20
    },
    {
        "type": "text",
        "text": "Easter Seal Society for Disabled Children and Adults, Inc. 61 Corporate Commons Blvd. Newcastle DE 19720 ",
        "page_idx": 20
    },
    {
        "type": "text",
        "text": "Phone: 302-324-4444   \nFax: 302-324-4441   \nWebsite: https://www.easterseals.com/de/ ",
        "page_idx": 21
    },
    {
        "type": "text",
        "text": "Description: A non-profit health care agency dedicated to increasing the independence of children and adults with disabilities. The Salisbury office is specifically an outpatient pediatric rehabilitation center. The Newcastle location includes an Assistive Technology resource center. All provide information and referral. ",
        "page_idx": 21
    },
    {
        "type": "text",
        "text": "Type: Funding Sources and Loan Programs; Information and Referral Counties: Caroline, Cecil, Dorchester, Kent, Queen Anne's, Somerset, Talbot, Wicomico, Worcester ",
        "page_idx": 21
    },
    {
        "type": "text",
        "text": "Federal Home Solutions, Inc. ",
        "text_level": 1,
        "page_idx": 21
    },
    {
        "type": "text",
        "text": "Phone: 410-409-8128 or 443-324-4419   \nWebsite: www.federalhomesolutions.com   \nEmail: federalhomesolutions@gmail.com   \nDescription: Full service custom remodeling company specializing in   \nmodifications for seniors and people with disabilities.   \nCertified Aging in Place Specialist. MHIC licensed.   \nType: Funding Sources and Loan Programs; Information and Referral   \nCounties: Baltimore, Carroll, Harford, Howard, Anne Arundel, Montgomery, and Prince Georges ",
        "page_idx": 21
    },
    {
        "type": "text",
        "text": "Glickman Design Build, LLC ",
        "text_level": 1,
        "page_idx": 21
    },
    {
        "type": "text",
        "text": "15757 Crabbs Branch Way, Rockville, MD 20855   \nPhone: 301-444-4663 (MD) or 202-792-7320 (DC)   \nEmail: Russ@GlickmanDesignBuild.com   \nWebsite: www.GlickmanDesignBuild.com   \nDescription: Certified in accessibility consultation, design, planning and building. Offers full range of contracting for home modifications including: Design and remodeling kitchens, bathrooms, basements; creative/attractive entryways, expanding doorways; constructing ramps; installing stair glides, lifts, elevators, grab bars and remote door openers. Design/build. Fixed-rates.   \nType: Expert in designing, planning and building any type of home modifications or new custom homes for special needs and aging-in-place. As the parent of a child with cerebral palsy who has lived at home in a wheelchair for over 20 years, Russ Glickman has developed a passion to serve the special needs community. Counties: All Maryland Counties, DC, VA Phone: 301-277-2839   \nFax: 301-625-9777   \nWebsite : www.innow.org   \nEmail: info@innow.org   \nDescription:   \nPrince George’s County: Operates a project which provides home assessments by an Occupational Therapist and pays for low cost home modifications. Identifies and screens contractors, leverages other resources (volunteer services, etc.) to help fund the balance of the project. Serves people with all disabilities.   \nMontgomery County: Provides in-home assessments by an Occupational Therapist for a fee. Both offices provide advocacy for people needing home modifications, including help with securing funding.   \nType: Home Assessment / Equipment Evaluation; Funding Sources and Loan Programs; Information and Referral   \nCounties: Montgomery, Prince George's Rehab at Work   \n6951 Golden Ring Rd   \nBaltimore, MD 21237   \nPhone: 888-827-6361 or 410-866-3855   \nWebsite: www.rehabatwork.com   \nDescription: Provides workplace safety assessments and recommends specific workplace modifications. Onsite workplace assessments, some health insurance policies cover services.   \nType: Workplace Assessment / Equipment Evaluation   \nArea: Anne Arundel, Carroll, Charles, Frederick, Montgomery, and Prince George's ",
        "page_idx": 21
    },
    {
        "type": "text",
        "text": "",
        "page_idx": 22
    },
    {
        "type": "text",
        "text": "",
        "page_idx": 22
    },
    {
        "type": "text",
        "text": "The Right Turn Rehabilitation Services ",
        "text_level": 1,
        "page_idx": 22
    },
    {
        "type": "text",
        "text": "Abingdon, MD 21009   \nPhone: 443-402-5490   \nFax: 443-420-6747   \nEmail: rightturn324@gmail.com   \nWebsite: www.rightturnrehab.com ",
        "page_idx": 22
    },
    {
        "type": "text",
        "text": "Description of Services: Geared toward helping seniors and those with disabilities safely and independently “age in place”. Home modification evaluations offer an in-depth look at the person’s environment, how they function in the environment, and what is needed to safely age in the home. The Right Turn offers detailed recommendations including floor plans and visual aids to effectively communicate the recommended modifications to the client. ",
        "page_idx": 22
    },
    {
        "type": "text",
        "text": "Referral: Doctor’s referral may be required for certain types of insurance (Medicare, Medicaid, TRICARE), private pay accepted. ",
        "page_idx": 22
    },
    {
        "type": "text",
        "text": "Type: Home Modification evaluations, Equipment evaluations/recommendations, Environmental accessibility adaptations (ramps, stair lifts, grab bars, etc.), Referrals for funding sources and loan programs in Maryland Counties Served: Baltimore city, Harford County, Baltimore County, Cecil County, Howard County, Anne Arundel county ",
        "page_idx": 23
    },
    {
        "type": "text",
        "text": "Strategies for Independent Living, LLC ",
        "text_level": 1,
        "page_idx": 23
    },
    {
        "type": "text",
        "text": "1007 Elm Avenue   \nTacoma Park, MD 20912   \nPhone: 301-585-5738   \nWebsite: www.strategiesforindependentliving.com   \nEmail: steve@strategiesforindependentliving.com ",
        "page_idx": 23
    },
    {
        "type": "text",
        "text": "Description: A design/build construction company specializing in Aging in Place and Universal Design. Helps to facilitate safety and independence for clients by employing a combination of both large and small home modifications. Strategies works with people of all ages and abilities, educating them so they are better equipped to make the decisions that will lead to the best outcomes for their families. Services include design and feasibility evaluations to installing grab bars, railings, ramps, automatic door openers, and remodeling bathrooms and kitchens. ",
        "page_idx": 23
    },
    {
        "type": "text",
        "text": "Type: Home Assessment / Equipment Evaluation; Information and Referral Counties: Montgomery, Prince George's, Howard, and Anne Arundel County ",
        "page_idx": 23
    },
    {
        "type": "text",
        "text": "USA Rehab   \n104 Church Lane Suite 107 Baltimore MD 21208   \nPhone: 410-653-3903   \nFax: 410-653-6996   \nEmail: shara@usa-rehab.com   \nDescription: a medical equipment supply company providing assistive devices to clients in the residential setting. USA Rehab is also a Maryland licensed contractor specializing in home modifications.   \nType: Home Assessment / Equipment Evaluation/ Environmental Accessibility Adaptations (ramps, lifts, grab bars, door widening, stair rails)   \nCounties: Baltimore City, Baltimore, Anne Arundel, Carroll, Harford, Howard, Montgomery, and Prince Georges Counties. ",
        "page_idx": 23
    },
    {
        "type": "text",
        "text": "INFORMATION AND REFERRAL ",
        "text_level": 1,
        "page_idx": 24
    },
    {
        "type": "text",
        "text": "Centers for Independent Living ",
        "text_level": 1,
        "page_idx": 24
    },
    {
        "type": "text",
        "text": "7 CILs serving all counties in Maryland   \nWebsite: https://www.ilru.org/projects/cil-net/cil-center-and-association-directoryresults/MD   \nDescription: The CILs across Maryland provide assistive technology matching grants to help fund the cost assistive technology, including the cost related to home modifications for accessibility. Amount of grant varies amongst each CIL. Type: Funding Sources and Loan Programs   \nArea: All Maryland Counties ",
        "page_idx": 24
    },
    {
        "type": "text",
        "text": "Public Justice Center- Human Right to Housing ",
        "text_level": 1,
        "page_idx": 24
    },
    {
        "type": "text",
        "text": "201 N Charles St Suite 1200, Baltimore, MD 21201   \nPhone: 410-625-9409   \nEmail: info@publicjustice.org   \nWebsite: http://www.publicjustice.org/en/human-right-to-housing/   \nDescription: Founded in 1985, the Public Justice Center uses legal tools to challenge poverty and racial inequity in Maryland and Beyond. Defends renters facing eviction and predatory landlord practices, demand repair of unsafe housing conditions, and advocate to change the law regarding evictions and to demand the development of equitable and sustainable affordable housing. Type: Information and referral, legal aid   \nCounties: Baltimore City ",
        "page_idx": 24
    },
    {
        "type": "text",
        "text": "Easter Seals Delaware & Maryland Eastern Shore ",
        "text_level": 1,
        "page_idx": 24
    },
    {
        "type": "text",
        "text": "Easter Seal Society for Disabled Children and Adults, Inc. 61 Corporate Commons Blvd. Newcastle DE 19720   \nPhone: 302-324-4444   \nFax: 302-324-4441   \nWebsite: https://www.easterseals.com/de/ ",
        "page_idx": 24
    },
    {
        "type": "text",
        "text": "Description: A non-profit health care agency dedicated to increasing the independence of children and adults with disabilities. The Salisbury office is specifically an outpatient pediatric rehabilitation center. The Newcastle location includes an Assistive Technology resource center. All provide information and referral. ",
        "page_idx": 24
    },
    {
        "type": "text",
        "text": "Type: Funding Sources and Loan Programs; Information and Referral Counties: Caroline, Cecil, Dorchester, Kent, Queen Anne's, Somerset, Talbot, Wicomico, Worcester ",
        "page_idx": 24
    },
    {
        "type": "text",
        "text": "Frederick Community Action Agency   \n100 South Market Street   \nFrederick, MD 21701   \nPhone: (301)600-1506   \nTTY: 301-662-9164   \nFax: 301-662-9079   \nWebsite: www.cityoffrederickmd.gov   \nDescription: Offers information and referral for services related to housing and other issues. Can provide some help negotiating the service system (“greasing wheels”). Service area is limited to the City of Frederick.   \nType: Information and Referral   \nCounties: Frederick ",
        "page_idx": 25
    },
    {
        "type": "text",
        "text": "Howard County Department of Community Resources and Services - Office on Aging and Independence: Maryland Access Point (MAP) ",
        "text_level": 1,
        "page_idx": 25
    },
    {
        "type": "text",
        "text": "9830 Patuxent Woods Drive   \nColumbia, MD 21046   \nPhone: 410-313-1234   \nFax: 410-313-5970   \nWebsite: www.howardcountyaging.org   \nEmail: map@howardcountymd.gov ",
        "page_idx": 25
    },
    {
        "type": "text",
        "text": "Description: Maryland Access Point is Howard County’s Aging and Disability Resource Center. Staff provides information and resource assistance regarding home repairs and modifications to people with disabilities, older adults, caregivers and family members, regardless of income. Grant and loan information is available including the Howard County Livable Homes Tax Credit Program. ",
        "page_idx": 25
    },
    {
        "type": "text",
        "text": "Counties: Howard ",
        "page_idx": 25
    },
    {
        "type": "text",
        "text": "MDTAP   \n2301 Argonne Drive, Room T-42   \nBaltimore, MD 21218   \nPhone: 410-554-9230 or 1-800-832-4827   \nTTY: 1-866-881-7488   \nFax: 410-554-9203   \nEmail: mdtap.general@maryland.gov   \nDescription: Offers information and referral about assistive technology, including home modifications. Lends assistive devices for up to 4 weeks at a time.   \nType: Information and Referral   \nCounties: All Maryland Counties Saint Ambrose Housing Aid Center   \n321 East 25th Street   \nBaltimore, MD 21218   \nPhone: 410-336-8550   \nFax: 410-366-8795   \nWebsite: https://www.stambros.org/   \nEmail: intake@stambros.org   \nDescription: Non-profit neighborhood housing group offers programs including homeownership development, which can provide modifications for homebuyers and renters with disabilities. Provides information and referral.   \nType: Funding Sources and Loan Programs; Information and Referral   \nCounties: Baltimore City ",
        "page_idx": 26
    },
    {
        "type": "text",
        "text": "",
        "page_idx": 26
    },
    {
        "type": "text",
        "text": "Senior Information and Assistance ",
        "text_level": 1,
        "page_idx": 26
    },
    {
        "type": "text",
        "text": "Maryland Department of Aging   \n301 West Preston Street, Room 1007   \nBaltimore, MD 21201   \nPhone: 410-767-1100 or 1-800-243-3425   \nFax: 410-333-7943   \nWebsite: http://aging.maryland.gov/   \nDescription: The Maryland Department of Aging can make referrals to an information and referral center in your locality. Local centers provide information on senior services, programs, and benefits (including home modifications). Type: Information and Referral   \nCounties: All Maryland Counties ",
        "page_idx": 26
    },
    {
        "type": "text",
        "text": "LICENSED HOME IMPROVEMENT CONTRACTORS ",
        "text_level": 1,
        "page_idx": 27
    },
    {
        "type": "text",
        "text": "Mills Creek Builders   \n9748 Stephen Decatur Highway, Unit 6   \nWest Ocean City, MD 21842   \nPhone: 410-213-7188   \nFax: 410-213-7820   \nWebsite: https://millscreekbuilders.com/   \nEmail: krohe@millscreekbuilders.com   \nDescription: Full range of contracting and remodeling for home modification including kitchen, bathrooms, doorways, constructing ramps/no-step entries, stair lift/elevator installation, stair-light installation, remote/electric door openers, emergency call/response systems, and more.   \nType: Licensed Home Improvement Contractor, Certified Aging-in-Place   \nSpecialist (CAPS)   \nCounties: Somerset, Wicomico, Worcester ",
        "page_idx": 27
    },
    {
        "type": "text",
        "text": "Able Access Sales & Service Corporation ",
        "text_level": 1,
        "page_idx": 27
    },
    {
        "type": "text",
        "text": "13819 Thornton Mill Rd.   \nSparks, MD 21152   \nPhone: 410-771-1558   \nDescription: Builds and fabricates ramps, decks, handrails, etc to increase home accessibility. Fixed rates.   \nType: Licensed Home Improvement Contractor   \nCounties: Baltimore County, Baltimore City, Carol, Harford ",
        "page_idx": 27
    },
    {
        "type": "text",
        "text": "Accessible Living, A Division of Metropolitan Bath and Tile ",
        "text_level": 1,
        "page_idx": 27
    },
    {
        "type": "text",
        "text": "6806 Laurel Bowie Rd.   \nBowie, MD 20715   \nPhone: 301-859-4128   \nEmail: bowie@metrobath.com   \nWebsite: https://metrobathandtile.com/accessible-living/   \nDescription: Home Modifications, Accessible Living, Aging in Place, Barrier Free Bathrooms, Roll-In Showers, Universal Design Kitchens, Universal Design Bathrooms, Ceiling Lifts & Ceiling Tracking Systems, Stair Lifts/Glides, Platform Lifts, Wheelchair Lifts, Automated Door Opening Systems, Grab Bars, Ramps, Lighting, Handrails, Decks, Widen Doorways, Widen Hallways, Relocate   \nSwitches, Medi-Tubs, Walk-in Tubs, Residential Elevators, etc. MHIC #129895 Type: Equipment Supplies   \nCounties: Howard, Montgomery, Prince George’s, Anne Arundel, Baltimore, Carroll, Frederick, Harford, Queen Anne’s, Talbot, Calvert, Charles ",
        "page_idx": 27
    },
    {
        "type": "text",
        "text": "All Medical Equipment ",
        "text_level": 1,
        "page_idx": 28
    },
    {
        "type": "text",
        "text": "Towson Medical Equipment   \n1844 E. Joppa Rd   \nBaltimore, MD 21234   \n2923 Olney Sandy Springs Road   \nOlney, MD 20832   \nPhone: 410-882-4005 or 1-800-446-1778   \nFax: 410-882-0056   \nWebsite: www.towsonmed.com ",
        "page_idx": 28
    },
    {
        "type": "text",
        "text": "Description: Installation and service of stair lifts/ stair glides, vertical lifts, inclined lifts, ceiling tracking systems, ramps, door widening, bathroom modifications, roll-in showers, door-opening systems, door widening, and inhome modifications. Provides medical supplies and medical equipment. Serving all of Maryland since 1989. Medicare approved for the Baltimore Towson Competitive Bid Area. ",
        "page_idx": 28
    },
    {
        "type": "text",
        "text": "Type: Licensed Home Improvement Contractor Counties: All Maryland Counties ",
        "page_idx": 28
    },
    {
        "type": "text",
        "text": "American Lift and Elevator ",
        "text_level": 1,
        "page_idx": 28
    },
    {
        "type": "text",
        "text": "9522 Deereco RD   \nTimonium, MD 21093   \nPhone: 410-665-5040 Toll free (877)360-6777   \nFax: 405-282-8105   \nEmail: info@americanliftandelevator.com   \nWebsite: www.americanliftsandremodeling.com   \nDescription: Offers lift fabrication and home elevator installation. Type: Licensed Home Improvement Contractor   \nCounties: Central Maryland CHAI: Comprehensive Housing Assistance, Inc.   \n5809 Park Heights Avenue   \nBaltimore, MD 21215   \nPhone: 410-500-5300   \nFax: 410-466-1996   \nEmail: info@chaibaltimore.org   \nWebsite: www.chaibaltimore.org   \nDescription: Provides loans and grants to low and moderate income seniors $6 2 +$ and individuals with disabilities for home repairs, modifications and safety and OT evaluations. Services limited to Northern Park Heights neighborhoods in the 21215 zip code.   \nType: Funding Sources and Loan Programs   \nArea: Neighborhoods of Falstaff, Glen, Mt. Washington, Cross Country,   \nPikesville, Randallstown and Cheswolde ",
        "page_idx": 28
    },
    {
        "type": "text",
        "text": "",
        "page_idx": 28
    },
    {
        "type": "text",
        "text": "Greg Cantori 8293 Shilling Road Pasadena MD 21122 Phone 410-450-4466 ",
        "page_idx": 29
    },
    {
        "type": "text",
        "text": "Description: MHIC Licensed and Certified Aging in Place Specialists. Expert in providing home modifications for those with temporary and permanent disabilities. ",
        "page_idx": 29
    },
    {
        "type": "text",
        "text": "Full-service handyman with a focus on making homes more accessible including expanding doorways; constructing ramps, grab bars, standing poles, extra lighting, modifying beds, and making other often little but vitally important improvements that make a home both safer and more comfortable. We offer a sliding scale for low-income households and assist them in applying for the loans, grants, and tax credits they are eligible for. ",
        "page_idx": 29
    },
    {
        "type": "text",
        "text": "Type: Expert in creating nearly every home modification for special needs and aging-in-place. With over 35 years of working in the nonprofit sector helping those with low incomes with their homes, Little Deeds has the skills along with caring deeply with well-earned trust to make a difference ",
        "page_idx": 29
    },
    {
        "type": "text",
        "text": "Counties: Anne Arundel, Baltimore, Howard, Montgomery, Prince Georges, and Kent Counties. ",
        "page_idx": 29
    },
    {
        "type": "text",
        "text": "Email American Contracting Services, Inc. ",
        "text_level": 1,
        "page_idx": 29
    },
    {
        "type": "text",
        "text": "1620 Providence Road   \nTowson, MD 21286   \nPhone: 410-494-0900   \nWebsite: www.american-contracting.com   \nEmail: acsi@american-contracting.com ",
        "page_idx": 29
    },
    {
        "type": "text",
        "text": "Description: Renovations to homes and businesses to accommodate persons who desire to age in place in their homes or persons with disabilities. Modifications include bathrooms, kitchens, in-law suites, and first floor bedrooms including installing ramps, stair lifts, vertical wheelchair lifts, elevators and ceiling lifts and transport systems to multiple rooms. ",
        "page_idx": 29
    },
    {
        "type": "text",
        "text": "Type: Licensed Home Improvement Contractor, MHIC #51879 Counties: Baltimore City, Anne Arundel, Cecil, Montgomery, Howard, Harford, Baltimore County ",
        "page_idx": 29
    },
    {
        "type": "text",
        "text": "Federal Home Solutions, Inc. ",
        "text_level": 1,
        "page_idx": 29
    },
    {
        "type": "text",
        "text": "Phone: 410-409-8128 or 443-324-4419   \nEmail: federalhomesolutions@gmail.com   \nDescription: Full service custom remodeling company specializing in   \nmodifications for seniors and people with disabilities.   \nCertified Aging in Place Specialist. MHIC licensed.   \nType: Funding Sources and Loan Programs; Information and Referral   \nCounties: Baltimore, Carroll, Harford, Howard, Anne Arundel, Montgomery, and Prince Georges ",
        "page_idx": 29
    },
    {
        "type": "text",
        "text": "Gladden Construction, Inc. ",
        "text_level": 1,
        "page_idx": 30
    },
    {
        "type": "text",
        "text": "105 South Division Street   \nFruitland, MD 21826   \nPhone: 410-742-1614   \nFax: 410-742-9651   \nWebsite: www.gladdenconstruction.com   \nDescription: Offers wide range of contracting for home modifications, including remodeling kitchens, bathrooms and doorways; constructing ramps. Some experience installing stair glides, lifts, elevators. Performs all home renovations. Type: Licensed Home Improvement Contractor   \nCounties: Dorchester, Somerset, Wicomico, Worcester; Lower Delaware; Lower Virginia ",
        "page_idx": 30
    },
    {
        "type": "text",
        "text": "Glickman Design Build, LLC ",
        "text_level": 1,
        "page_idx": 30
    },
    {
        "type": "text",
        "text": "15757 Crabbs Branch Way, Rockville, MD 20855   \nPhone: 301-444-4663   \nVA 703-832-8150   \nDC 202-792-7320   \nEmail: Russ@GlickmanDesignBuild.com   \nWebsite: www.GlickmanDesignBuild.com   \nDescription: Certified in accessibility consultation, design, planning and building. Offers full range of contracting for home modifications including: Design and remodeling kitchens, bathrooms, basements; creative/attractive entryways, expanding doorways; constructing ramps; installing stair glides, lifts, elevators, grab bars and remote door openers. Design/build. Fixed-rates.   \nType: Expert in designing, planning and building any type of home modifications or new custom homes for special needs and aging-in-place. As the parent of a child with cerebral palsy who has lived at home in a wheelchair for over 20 years, Russ Glickman has developed a passion to serve the special needs community. Counties: All Maryland Counties, D.C., VA ",
        "page_idx": 30
    },
    {
        "type": "text",
        "text": "HandyPro of Delmarva ",
        "text_level": 1,
        "page_idx": 30
    },
    {
        "type": "text",
        "text": "209 Hess Road   \nGrasonville, MD 21638   \nPhone: 410-213-3543   \nWebsite: http://delmarva.handypro.com/   \nDescription: Certified in accessibility consultation, home modifications, and assistive technology. Installation of home accessibility equipment as well as designing and constructing easy living solutions for seniors and families with disabilities.   \nType: Licensed Home Improvement Contractor   \nCounties: Caroline, Talbot, Queen Anne, Dorchester, Wicomico, Worcester, Somerset, Anne Arundel, Baltimore County and City, Cecil, and Kent ",
        "page_idx": 30
    },
    {
        "type": "text",
        "text": "HandyPro of Washington DC Metropolitan ",
        "text_level": 1,
        "page_idx": 31
    },
    {
        "type": "text",
        "text": "10411 Motor city Dr #750   \nBethesda, MD 20817   \nPhone: 301-895-7585   \nWebsite: https://www.handypro.com/washington-dc/?L=true ",
        "page_idx": 31
    },
    {
        "type": "text",
        "text": "Description: Professional, licensed and certified to do home modifications for people with disabilities. Our services include but are not limited to bathroom conversion, stair lift, ceiling lift, wheelchair lift, ramp, grab bars, automatic door opener, etc. ",
        "page_idx": 31
    },
    {
        "type": "text",
        "text": "Type: Licensed Home Improvement Contractor   \nCounties: Prince Georges, Montgomery, Carrol, Baltimore, Howard, Anne Arundel. ",
        "page_idx": 31
    },
    {
        "type": "text",
        "text": "Improvement Zone, LLC. ",
        "text_level": 1,
        "page_idx": 31
    },
    {
        "type": "text",
        "text": "400-B Love Point   \nStevensville, MD 21666   \nPhone: 443-221-4661   \nEmail: info@improvement-zone.com   \nWebsite: www.improvement-zone.com   \nDescription: Major and minor home repairs, rehabilitation, renovations,   \nadditions, accessibility modifications   \nType: Licensed Home Improvement Contractor   \nCounties: Anne Arundel, Calvert, Prince Georges, Montgomery, Baltimore,   \nBaltimore City, Kent, Queen Anne’s and Howard ",
        "page_idx": 31
    },
    {
        "type": "text",
        "text": "INEX Construction, Inc. ",
        "text_level": 1,
        "page_idx": 31
    },
    {
        "type": "text",
        "text": "636 Blandford Street   \nRockville, MD 20850   \nPhone: 301-424-0010   \nEmail: inex01@verizon.net   \nWebsite: www.inex.us   \nDescription: Remodeling contractors specializing in ADA installation of bathroom fixtures. Provides complete bathroom and remodeling services. Type: Licensed Home Improvement Contractor   \nCounties: Montgomery ",
        "page_idx": 31
    },
    {
        "type": "text",
        "text": "Kelly Cove Mobility 2711 Dorr Ave, Suite P Fairfax, VA 22031 Phone: 888-821-0345 Fax: 202-932-7001 Email: support@kellycove.net ",
        "page_idx": 31
    },
    {
        "type": "text",
        "text": "Website: www.kellycovemobility.com   \nDescription: Environmental Modifications, Aging in Place Solutions, Assistive   \nTechnology, Universal Design   \nMHIC Number: 134628   \nType: Licensed Home Improvement Contractor   \nCounties: All Maryland Counties (except: Cecil, Dorchester, Kent, Allegany,   \nGarrett, Washington, Somerset, Talbot, Wicomico, Worcester) ",
        "page_idx": 32
    },
    {
        "type": "text",
        "text": "Koons Home Improvement ",
        "text_level": 1,
        "page_idx": 32
    },
    {
        "type": "text",
        "text": "27692 Fairmount Rd.   \nUpper Fairmount, MD 21867   \nPhone: 410-651-2375   \nDescription: Offers wide range of contracting for home modifications, including remodeling kitchens, bathrooms and doorways; and constructing ramps. Could also install lifts, stair glides and elevators, but has no experience in this area yet. Fixed rates. ",
        "page_idx": 32
    },
    {
        "type": "text",
        "text": "Type: Licensed Home Improvement Contractor Counties: Somerset, Wicomico, and Worchester ",
        "page_idx": 32
    },
    {
        "type": "text",
        "text": "Norino Properties & Construction ",
        "text_level": 1,
        "page_idx": 32
    },
    {
        "type": "text",
        "text": "Address: 8100 Harford Rd, Parkville, MD 21234   \nPhone: 410-663-9444   \nEmail: norinollc@gmail.com   \nDescription: General construction that includes automatic door installations. Counties: All Maryland counties ",
        "page_idx": 32
    },
    {
        "type": "text",
        "text": "P.G. Builders ",
        "text_level": 1,
        "page_idx": 32
    },
    {
        "type": "text",
        "text": "PO Box 505   \nSavage, MD 20763   \nPhone: 301-346-1902   \nEmail: bryankebeck@pgbuilders.com   \nWebsite: www.pgbuilders.com   \nDescription: General construction that includes accessibility and automatic door installations, ADA compliant bathroom renovations and lift and ramp   \nconstruction.   \nCounties: All Maryland counties, D.C., and Virginia ",
        "page_idx": 32
    },
    {
        "type": "text",
        "text": "Southern Maryland Home Improvements ",
        "text_level": 1,
        "page_idx": 32
    },
    {
        "type": "text",
        "text": "5200 Deliverance Place LaPlata, MD 20646 Phone: 301-843-1601 ",
        "page_idx": 32
    },
    {
        "type": "text",
        "text": "Description: Offers wide range of contracting for home modifications, including remodeling kitchens, bathrooms and doorways, and constructing ramps. Subcontracts out installation of stair glides, lifts, and elevators. Fixed rates. Type: Licensed Home Improvement Contractor   \nCounties: Calvert, Charles, and St. Mary's ",
        "page_idx": 33
    },
    {
        "type": "text",
        "text": "Stanley D. Groves & Sons, Inc. ",
        "page_idx": 33
    },
    {
        "type": "text",
        "text": "1112 Old Westminster Road   \nWestminster, MD 21157   \nPhone: 410-876-5811, 443-377-7644   \nEmail: stanleygroves@comcast.net   \nWebsite: https://grovesconcrete.com/   \nDescription: Specializes in concrete construction. Modifies homes for wheelchair accessibility, ramps, bathrooms, etc.   \nType: Licensed Home Improvement Contractor   \nCounties: Carroll, Baltimore, and Fredrick ",
        "page_idx": 33
    },
    {
        "type": "text",
        "text": "Strategies for Independent Living, LLC ",
        "text_level": 1,
        "page_idx": 33
    },
    {
        "type": "text",
        "text": "1007 Elm Avenue   \nTacoma Park, MD 20912   \nPhone: 301-585-5738   \nEmail: info@strategiesforindependentliving.com   \nWebsite: www.strategiesforindependentliving.com ",
        "page_idx": 33
    },
    {
        "type": "text",
        "text": "Description: A design/build construction company specializing in Aging in Place and Universal Design. Helps to facilitate safety and independence for clients by employing a combination of both large and small home modifications. Strategies works with people of all ages and abilities, educating them so they are better equipped to make the decisions that will lead to the best outcomes for their families. Services include design and feasibility evaluations to installing grab bars, railings, ramps, automatic door openers, and remodeling bathrooms and kitchens. ",
        "page_idx": 33
    },
    {
        "type": "text",
        "text": "Type: Home Assessment / Equipment Evaluation; Information and Referral Counties: Montgomery, Prince George's, Howard, and Anne Arundel County ",
        "page_idx": 33
    },
    {
        "type": "text",
        "text": "Taylor Made Custom Contracting ",
        "text_level": 1,
        "page_idx": 33
    },
    {
        "type": "text",
        "text": "1944 Nelson Mill Road   \nJarrettsville, MD 21084   \nPhone: 410-557-0322   \nFax: 410-692-2457   \nEmail: info@taylormadecontracting.com   \nWebsite: www.taylormadecontracting.com Description: Offers wide range of contracting for home modifications, including remodeling kitchens, bathrooms and doorways; constructing ramps.   \nSubcontracts out installation of lifts, stair glides and elevators. Fixed rates. Type: Licensed Home Improvement Contractor   \nCounties: All Maryland Counties ",
        "page_idx": 33
    },
    {
        "type": "text",
        "text": "",
        "page_idx": 34
    },
    {
        "type": "text",
        "text": "All Mobility Solutions ",
        "text_level": 1,
        "page_idx": 34
    },
    {
        "type": "text",
        "text": "8999 Ocean Highway   \nDelmar, MD 21875   \nPhone: 410-543-4323   \nFax: 410-912-0401   \nEmail: ssmith@allmobilitystore.com   \nDescription: Offers a wide range of mobility equipment, including scooters, ramps, lifts, wheelchairs, and rental mobility vans. As well as servicing all mobility equipment.   \nType: Mobility Company   \nCounties: Anne Arundel, Baltimore City, Baltimore County, Calvert, Caroline, Dorchester, Kent, Prince George's, Queen Anne's, Somerset, St. Mary's, Talbot, Wicomico, Worcester, D.C., Virginia ",
        "page_idx": 34
    },
    {
        "type": "text",
        "text": "Walsh Home Improvement Co. Inc ",
        "text_level": 1,
        "page_idx": 34
    },
    {
        "type": "text",
        "text": "8707 Cypress Ct.   \nBerlin, MD 21811   \nPhone: 410-641-3762, 301-776-7249   \nFax: 410-641-2296   \nWebsite: http://www.walshhomeimprovementinc.com/   \nDescription: Offers wide range of home modifications including handicap ramps, stair lifts, grab bars, railings, doorways widened, and more.   \nType: Licensed Home Improvement Contractor   \nCounties: Worcester, Wicomico, Dorchester, Somerset, Caroline, Talbot, Queen Anne's, Kent ",
        "page_idx": 34
    },
    {
        "type": "text",
        "text": "VOLUNTEER ORGANIZATIONS ",
        "text_level": 1,
        "page_idx": 35
    },
    {
        "type": "text",
        "text": "Homes for our Troops ",
        "text_level": 1,
        "page_idx": 35
    },
    {
        "type": "text",
        "text": "6 Main Street   \nTaunton, MA 02780   \nPhone: 508-823-3300 or 866-787-6677   \nEmail: info@hfotusa.org   \nWebsite: www.hfotusa.org   \nDescription: Building and donating specially adapted custom homes for severely   \ninjured veterans post- 9/11   \nCounties: All Maryland Counties ",
        "page_idx": 35
    },
    {
        "type": "text",
        "text": "Rebuilding Together - National Office ",
        "text_level": 1,
        "page_idx": 35
    },
    {
        "type": "text",
        "text": "999 N Capitol St. NE Suite 330 Washington, DC 20002 Phone: 1-800-473-4229 or 202-483-9083 Email: communications@rebuildingtogether.org Website: www.rebuildingtogether.org ",
        "page_idx": 35
    },
    {
        "type": "text",
        "text": "Description: A premier nonprofit community revitalization organization with over 120 affiliates across the country. Together, with their corporate and community partners, they repair homes, revitalize communities and rebuild lives. Rebuilding Together affiliates make essential repairs to help neighbors (often older adults, people with disabilities, veterans and families with children) stay in their homes. ",
        "page_idx": 35
    },
    {
        "type": "text",
        "text": "Type: Volunteer Organization Counties: All Maryland Counties ",
        "page_idx": 35
    },
    {
        "type": "text",
        "text": "Rebuilding Together - Anne Arundel County ",
        "text_level": 1,
        "page_idx": 35
    },
    {
        "type": "text",
        "text": "819 Ritchie Highway Suite 2000   \nSeverna Park, MD 21146   \nPhone: 410-923-9992   \nEmail: information@rebuildingtogetheraac.org   \nWebsite: www.rebuildingtogetheraac.org ",
        "page_idx": 35
    },
    {
        "type": "text",
        "text": "Description: A premier nonprofit community revitalization organization with over 120 affiliates across the country. Together, with their corporate and community partners, they repair homes, revitalize communities and rebuild lives. Rebuilding Together affiliates make essential repairs to help neighbors (often older adults, people with disabilities, veterans and families with children) stay in their homes. ",
        "page_idx": 35
    },
    {
        "type": "text",
        "text": "Type: Volunteer Organization Counties: Anne Arundel ",
        "page_idx": 35
    },
    {
        "type": "text",
        "text": "Rebuilding Together - Baltimore ",
        "text_level": 1,
        "page_idx": 35
    },
    {
        "type": "text",
        "text": "5513 York Rd. Baltimore, MD 21212 ",
        "page_idx": 35
    },
    {
        "type": "text",
        "text": "Phone: 410-889-2710 Fax: 443-586-0785 Email: info@rtbaltimore.org Website: www.rtbaltimore.org ",
        "page_idx": 36
    },
    {
        "type": "text",
        "text": "Description: A premier nonprofit community revitalization organization with over 120 affiliates across the country. Together, with their corporate and community partners, they repair homes, revitalize communities and rebuild lives. Rebuilding Together affiliates make essential repairs to help neighbors (often older adults, people with disabilities, veterans and families with children) stay in their homes. ",
        "page_idx": 36
    },
    {
        "type": "text",
        "text": "Type: Volunteer Organization Counties: Baltimore County, Baltimore City ",
        "page_idx": 36
    },
    {
        "type": "text",
        "text": "Rebuilding Together - Frederick County ",
        "text_level": 1,
        "page_idx": 36
    },
    {
        "type": "text",
        "text": "P.O. Box 1822   \nFrederick, Maryland 21702   \nPhone: 240-415-8728   \nEmail: rebuildingfrederick@gmail.com   \nWebsite: http://www.rebuildingtogetherfrederick.org/ ",
        "page_idx": 36
    },
    {
        "type": "text",
        "text": "Description: A premier nonprofit community revitalization organization with over 120 affiliates across the country. Together, with their corporate and community partners, they repair homes, revitalize communities and rebuild lives. Rebuilding Together affiliates make essential repairs to help neighbors (often older adults, people with disabilities, veterans and families with children) stay in their homes. ",
        "page_idx": 36
    },
    {
        "type": "text",
        "text": "Type: Volunteer Organization Counties: Frederick ",
        "page_idx": 36
    },
    {
        "type": "text",
        "text": "Rebuilding Together - Howard County ",
        "text_level": 1,
        "page_idx": 36
    },
    {
        "type": "text",
        "text": "8775 Centre Park Dr. #519   \nColumbia, Maryland 21045   \nPhone: 410-381-3338   \nWebsite: www.howardcounty.rebuildingtogether.org   \nEmail: info@rebuildingtogetherhc.org ",
        "page_idx": 36
    },
    {
        "type": "text",
        "text": "Description: A premier nonprofit community revitalization organization with over 120 affiliates across the country. Together, with their corporate and community partners, they repair homes, revitalize communities and rebuild lives. Rebuilding Together affiliates make essential repairs to help neighbors (often older adults, people with disabilities, veterans and families with children) stay in their homes. ",
        "page_idx": 36
    },
    {
        "type": "text",
        "text": "Type: Volunteer Organization Counties: Howard ",
        "page_idx": 36
    },
    {
        "type": "text",
        "text": "P.O. Box 180   \nChestertown, MD 21620   \nPhone: 410-708-9936   \nEmail: info@rebuildingtogetherkcmd.org   \nWebsite: www.rebuildingtogetherkcmd.org   \nDescription: A premier nonprofit community revitalization organization with over 120 affiliates across the country. Together, with their corporate and community partners, they repair homes, revitalize communities and rebuild lives. Rebuilding Together affiliates make essential repairs to help neighbors (often older adults, people with disabilities, veterans and families with children) stay in their homes. ",
        "page_idx": 37
    },
    {
        "type": "text",
        "text": "Type: Volunteer Counties: Kent County ",
        "page_idx": 37
    },
    {
        "type": "text",
        "text": "Rebuilding Together - Montgomery County   \n18225-A Flower Hill Way   \nGaithersburg, MD 20879   \nPhone: 301-947-9400   \nFax: 301-947-9411   \nEmail: info@rebuildingtogethermc.org   \nWebsite: www.rebuildingtogethermc.org ",
        "page_idx": 37
    },
    {
        "type": "text",
        "text": "Description: A premier nonprofit community revitalization organization with over 120 affiliates across the country. Together, with their corporate and community partners, they repair homes, revitalize communities and rebuild lives. Rebuilding Together affiliates make essential repairs to help neighbors (often older adults, people with disabilities, veterans and families with children) stay in their homes. ",
        "page_idx": 37
    },
    {
        "type": "text",
        "text": "Home Modifications Directory For Maryland ",
        "text_level": 1,
        "page_idx": 38
    },
    {
        "type": "text",
        "text": "Maryland Technology Assistance Program ",
        "page_idx": 38
    },
    {
        "type": "text",
        "text": "This publication is available in alternative formats upon request ",
        "text_level": 1,
        "page_idx": 38
    }
]