[
    {
        "type": "table",
        "img_path": "images/c96d51aeddfc5ff0cf014ea33932aba1adc1cf59a1bcb3d170ef4a17344f2f02.jpg",
        "table_caption": [
            "CERTIFIED SUPPLIER DIRECTORY "
        ],
        "table_footnote": [],
        "table_body": "<table><tr><td>Supplier</td><td>Supplir Category</td><td>Company Description</td><td>Primary Email Address</td><td>Supplier Diversity Small Business Program</td></tr><tr><td>4 Best Business Corp</td><td>Administrative / Professional / Consultant Services</td><td>4 Best Business (4BBCorp) has been serving Commercial and Federal clients since 2003, providing IT professional services, Staffing, project consulting and round services, to small, medium- sized businesses and Government. It has always been our goal to provide enterprise-Level practices and solutions to all sectors. Our experience has allowed us to build and develop the infrastructure needed to keep our prices afordable and our clients Staffed.</td><td>gov@4bbcorp.com</td><td>Enrolled</td></tr><tr><td>Access NurseCare, Inc.</td><td>Administrative / Professional / Consultant Services</td><td>Access NurseCare exists to provide Concierge level, personalized dianac@accessnursecare.c Enrolled healthcare support at the highest standard of care to elders and their families. We bring &quot;Peace of Mind&quot; to our clients and their loved ones by treating them with respect, dignity, and compassion. We ensure that our clients realize optimal wellness and positive outcomes</td><td>om</td><td></td></tr><tr><td>Air-Ways Mechanical Services LLC ALJ Services LLC</td><td>General Construction / Contractors</td><td>HVAC new installation, retrofit repairs and services Janitorial - All Custodial Services ; IT - Implementation, Software, ljulien@aljisconsultant.com</td><td>hg@airwaysmechanical.co Enrolled m</td><td></td></tr><tr><td>Alleguez Architecture, Inc.</td><td>Facilties Management / Support Services</td><td>Hardware, Design, Low voltage, Website</td><td>Enrolled</td><td></td></tr><tr><td>Allstate Mechanical</td><td>Services</td><td>Architectural / Engineering Architectural Services, Architectural Design Services</td><td>ana@alleguezarchitecture.c Enrolled om</td><td></td></tr><tr><td>Services, LLC</td><td>Maintenance Repair Services</td><td>HVAC contractor. Service Maintenance and repairs</td><td>clovis@amsmechanicallc.c Enrolled om</td><td></td></tr><tr><td>Amer-Plus Janitorial &amp; Maintenance LLC</td><td>Facilities Management / Support Services</td><td>Janitorial and maintenance</td><td>scetoute@amerpluscleaning Enrolled .com</td><td></td></tr><tr><td>Amoroso Holdings INC</td><td>Facilties Management/ Support Services</td><td>sales/service of commercial pressure washers, floor scrubbers, sweepers, wet/dry vacs, parts, etc. Dealer for Karcher, NSS, Mytee Products, IPC Eagle, Nilfisk/Pressure Pro. Certified installer of Adsil/Microguard sealers</td><td>amorosoholdings@aol.com Enrolled</td><td></td></tr><tr><td>Atlantix Partners LLC</td><td>Administrative / Professional / Consultant</td><td>Finance, Accounting, Operations, Process Improvement, IT, Program and Project Management, Facilitation and training</td><td>wmores@atlantixpartners.co Enrolled m</td><td></td></tr><tr><td>Axmar Consultants, Inc.</td><td>Services General Construction / Contractors</td><td>Plastic Laminate &amp; Wd. Veneer Buit in Cabinetry, Milwork, Trim, architectural casework.</td><td>axi@axmarconsultants.com Enrolled</td><td></td></tr><tr><td>Basulto &amp; Associates, Inc.</td><td>Services</td><td>Architectural / Engineering engineering services: mechanical, electrical, plumbing, fire protection, vertical, transportation, complete building evaluations</td><td>rbasulto@basulto.com</td><td>Enrolled</td></tr></table>",
        "page_idx": 0
    },
    {
        "type": "table",
        "img_path": "images/f855e98b1f6ad754f17575b755616e2875bdaf8f978b77e24b7b938131559e7d.jpg",
        "table_caption": [],
        "table_footnote": [],
        "table_body": "<table><tr><td colspan=\"2\">OLLEGE BEA Architects, Inc.</td><td colspan=\"2\">Architectural Engineering Headquartered in Miami, BEA is an award-winning firm with an international portfolio consisting of projects throughout the</td><td rowspan=\"2\">beamarketing@beai.com Enrolled</td><td rowspan=\"2\"></td></tr><tr><td></td><td>Services Administrative /</td><td>Americas, Asia, Europe and the Caribbean. BEA is an interdisciplinary design firm providing planning, architectural, engineering and interior design services which continually implement leading-edge design solutions for corporations and institutions worldwide. As design specialists, the firm is renowned for its creative solutions and innovation. The heart of the practice is its multiple design studio environments, where the full range of BEA&#x27;s skils, technology and creativity is concentrated to develop dynamic concepts that addresses every challenge of a project. The pursuit of design excellence is achieved through research, creativity, years of experience, and a passionate team eager to engage in every project challenge. The firm&#x27;s portfolio, which showcases satisfied clients from all over the globe, is a testament to over two decades of high quality and proficient multidisciplinary design services. Benefits Outsource, Inc. (BOl), headquartered in Davie, Florida, is mmjones@boibenefits.com</td><td>Enrolled</td></tr><tr><td>Benefits Outsource, Inc. Benfotiamine.Net, Inc.</td><td>Professional / Consultant Services Supplies / Materials</td><td>a state of Florida approved Third Party Benefits Administration firm established in 1995. BOl, qualified by the Florida Department of Insurance, was issued a Certificate of Authority in 1999. Located at 5599 South University Drive, Suite 201, Davie, Florida, BOl has an almost twenty-five (25) year success record of providing complete and cost-effective solutions primarily in the areas of COBRA, Flexible Spending Accounts and 401(k) Plan administration. Since our incorporation, the company&#x27;s scope of services has grown to include ancillary services such as retiree biling, dependent verification auditing and open enrollment.</td><td></td><td></td></tr><tr><td>Biscayne Engineering Company, Inc.</td><td>Services</td><td>Vitamin Supplements - Benfotiamine (Vit B-1) Architectural / Engineering full-service Surveying and Civil Engineering Company</td><td>TheSmile.com chbustos@biscayneenginee Enrolled ring.com</td><td>Debby@TheWomanBehind Enrolled</td></tr><tr><td>Bizzard Air Condioning,</td><td>General Construction /</td><td>Commercial and Residential air conditioning, maintenance, repair, info@blizzardairfl.com</td><td></td><td>Enrolled</td></tr><tr><td>LLC BnC Construction of</td><td>Contractors General Construction /</td><td>new installation, chillers, heat pumps, rooftop units,etc</td><td>info@bncconstructions.com Enrolled</td><td></td></tr><tr><td>America, LLC Bright Light Security</td><td>Contractors Administrative /</td><td>General residential and commercial construction. Remodel, addition, new construction and rehab.</td><td>info@brightlihtsecurity.com Enrolled</td><td></td></tr><tr><td>Services LLC</td><td>Professional / Consultant Services</td><td>Security Systems/Electric Gates/Alarms</td><td></td><td></td></tr><tr><td>Brindley Pieters &amp; Associates, Inc.</td><td>Architectural / Engineering Civil Engineer Services</td><td></td><td>claw@bpa-engineers.com</td><td>Enrolled</td></tr></table>",
        "page_idx": 1
    },
    {
        "type": "table",
        "img_path": "images/c2f882ee28d2a063d34ec75a2297fb0261e0b91888c9298a8df04cedc8c9621e.jpg",
        "table_caption": [],
        "table_footnote": [],
        "table_body": "<table><tr><td colspan=\"5\">COLLEGE</td></tr><tr><td>C.L. ELias Construction, INC. Caribbean Publishing and Administrative /</td><td>TBD</td><td>General Contractor</td><td>christi.elias@cleliasconst.co Enrolled m</td><td></td></tr><tr><td>Services, Inc.</td><td>Professional / Consultant Services</td><td>Newspaper Adverising</td><td>peter.webley@caribbeantod Enrolled ay.com</td><td></td></tr><tr><td>Concept Advancement Research Development LLC</td><td>Computer / Information Systems</td><td>Computer hardware, software, and managed services reseller</td><td>dajones@card-llc.com</td><td>Enrolled</td></tr><tr><td>DBA Conemco Consultants Services</td><td></td><td>Conemco Engineering, Inc. Architectural / Engineering Conemco Engineering, Inc. DBA Conemco Consultants is a ful- service structural engineering and construction management firm, with experience in structural analysis, engineering design, inspections, foundation engineering, concrete design, forensic engineering, materials engineering, 40-year certifications, engineering costing, feasibility studies, feasibility assessments, building construction, renovations, modifications, alteration design specifications and scheduling. Our firm has been serving Florida since 2008 and has expanded operations to Central and Northern Florida. This brings the professional experience, technical knowledge, competency, and commitment required to deliver the highest level of structural engineering services that today&#x27;s fast- moving construction market demands. Our philosophy is to excel in delivering optimal solutions, the best results, and exceed our client&#x27;s expectations to strengthen established trust.</td><td>businessdevelopment@con Enrolled emco.com</td><td></td></tr><tr><td>Cordova Rodriguez &amp; Associates, Inc. Services Cowen Design Inc Administrative /</td><td>Architectural/ Engineering Consulting civil engineering/planning services</td><td>I am a Graphic Design Professional with 20+ years of experience in the advertising and design industry. As the Creative Director of</td><td>rcordova@craengineering.c Enrolled om melinda@cowendesign.com Enrolled</td><td></td></tr><tr><td></td><td>Professional/Consultant Services</td><td>Cowen Design, Inc., my extensive portfolio supports the following core capabilities: · Developing brand strategy· Defining corporate identity and guidelines · Designing brand marketing materials and advertising collateral My creative profile supports services for small la carte projects as well as full-blown strategic campaigns, brochures, corporate Identity, branding, posters, editorial magazines, marketing collateral, advertising. CORE SKILLS · Design graphics for print and digital channels· Coordinate and manage projects · Create proposals, budgets, and project timelines ·Review and approve designs, artwork,</td><td></td><td></td></tr><tr><td>CPZ Architects, Inc.</td><td colspan=\"2\">photography and graphics Architectural / Engineering Full service architect</td><td>chris@CPZARCHITECTS.C Enrolled</td><td></td></tr><tr><td>Crain Atlantis, Inc.</td><td colspan=\"2\">Services Architectural / Engineering Architectural and Engineering services Services</td><td>OM mwarington@crainatlantis.c Enrolled om</td><td></td></tr></table>",
        "page_idx": 2
    },
    {
        "type": "table",
        "img_path": "images/8b7c0e9b65548b9c29db46e1079265e7c698ac7b5920d1489acc81af7c978da1.jpg",
        "table_caption": [],
        "table_footnote": [],
        "table_body": "<table><tr><td colspan=\"2\">COLLEGE Facilities Management /</td><td colspan=\"2\">Janitorial Services, Porter Services, Disinfection Services, High</td><td colspan=\"2\">ccservices_corp@msn.com Enrolled</td></tr><tr><td>Custom Cleaning and Management Services, Corp. Delta G Consulting</td><td>Support Services Administrative / Professional / Consultant</td><td>Rise Solutions Mechanical, Electrical, Plumbing and Fire Protection Systems</td><td>Felicia@deltag.net</td><td>Enrolled</td><td></td></tr><tr><td>Engineers, Inc. DL Fields Consultants,</td><td>Services</td><td>Architectural / Engineering Professional Architectural Services, Graphic Design, Interior</td><td></td><td>debora@dlfcarchitects.com Enrolled</td><td></td></tr><tr><td colspan=\"2\">LLC d/b/a DLFC Architects Services DTM Tech Inc.</td><td colspan=\"2\">Design and specifications. Architectural Engineering ArchitecturalEngineering Services</td><td colspan=\"2\"></td></tr><tr><td>Elberg M Gelin dba Gelin Benefits Group</td><td>Services Administrative / Professional /Consultant Services</td><td>An insurance advisory, brokerage, and benefits consultancy. Our mike@gelinbenefitsgroup.co Enrolled disciplined, multi-year benefits strategy is structured to ensure our m clients are compliant, efficient, and that their benefits</td><td>dtmtech.inc@gmail.com</td><td>Enrolled</td><td></td></tr><tr><td>Element Wyn dba</td><td>Supplies / Materials</td><td>management strategy is aligned with their business priorities. Gelin Benefits Group serves individuals, publicly traded, and privately held businesses and municipalities. We serve as trusted advisors to business owners, decision makers, and human resource directors. Gelin Benefits Group is truly independent, without ties to specific products or programs, which means we put our clients first. Our team provides our clients with expertise in designing, selecting, managing, and implementing group benefits. Our goal is to assist clients in establishing a healthy and happy workforce by recommending group health insurance products are comprehensive, cost competitive, and accessible. We promote wellness programs and activities so employees are active and engaged in their personal health journeys each and every day. Specializes in selling, marketing, producing, and installing visual communications. Provide comprehensive sign and graphic</td><td>chris.wynter@fastsigns.com Enrolled</td><td></td><td></td></tr><tr><td>FastSigns Tamarac/Sunrise Elvenn J. A. Richardson</td><td>Administrative /</td><td>and organizations - including manufacturers, schools and universities, retailers, construction companies, healthcare provides visual communications to build brand awareness, letters, window graphics, exhibits, and more.</td><td>solutions (custom signs and visual graphics) to help businesses facilities, and many other industries - extend their brand&#x27;s reach and communicate messages to their audiences. The company increase location visibility, and promote products/services, such as signs, graphics, banners, flags, vehicle wraps, dimensional</td><td></td><td></td></tr><tr><td>dba EJAR STAR &amp; Associates, Inc.</td><td>Professional/Consultant Services</td><td>Administrative / Professional / Consultant Services</td><td></td><td>ejar@ejarstar.com</td><td>Enrolled</td></tr></table>",
        "page_idx": 3
    },
    {
        "type": "text",
        "text": "CERTIFIED SUPPLIER DIRECTORY ",
        "text_level": 1,
        "page_idx": 4
    },
    {
        "type": "table",
        "img_path": "images/f83eade5c7bc62bdec8a7c52d779636d9205230017ed4b20a486e6bd5b503d4f.jpg",
        "table_caption": [],
        "table_footnote": [],
        "table_body": "<table><tr><td rowspan=\"2\">Engenuity Group, Inc.</td><td colspan=\"2\">Architectural / Engineering Civil Engineering, Land Surveying, GIS Mapping Firm</td><td colspan=\"2\">bjackson@engenuitygroup.c Enrolled om</td></tr><tr><td>Services Services</td><td>Architectural / Engineering Professional consulting engineering firm providing Mecahnical, Electrical, Fire Protection &amp; Plumbing Engineering Services. Final Touch Alliance LLC dba Final Touch Promotional Products</td><td>wayne@eci-engineers.com Enrolled</td><td></td></tr><tr><td>Engineering Consortium Inc Final Touch Alliance LLC dba Final Touch Promotional Products</td><td>Suppies / Materials</td><td>offers all types of promotional items designed to increase business awareness, enhance business image, promote activities &amp; events, as well as promoting special causes and recognition programs. Promotional items are also used as tools to promote the implementation of new policies in the organization. Our company offers high quality promotional items and superior customer service to help you achieve your promotional objectives. We are able to supply your company with every possible promo product from over 3,ooó suppliers, including uniforms and logo apparel. Our mission is to assist our customers in achieving their marketing goals by providing quality products that enhance the business image, that help creating long-lasting relationships with your clients and that identify your company employees through the power of promotional products.</td><td>sidania@finaltouchpromo.co Enrolled m</td><td></td></tr><tr><td>First Sign Corp</td><td>TBD</td><td>We provide signs for customers in a wide range of industries, including but not imited to property managers, construction and paving companies and other businesses. In addition, we routinely do work for governmental needs, such as making signs, banners and other products for cities, schools, universities, parks and</td><td>info@firstsign.com</td><td>Enrolled</td></tr><tr><td>Flagler Technologies LLC Florida Engineering &amp;</td><td>Computer / Information Systems</td><td>IT Managed Services, IT Professional Services, IT Commodities for both hardware and soft ware</td><td>shana.clark@flagler.io</td><td>Enrolled</td></tr><tr><td>Testing, Inc Garth Solutions, Inc.</td><td>Architectural / Engineering Construction material testing Services</td><td></td><td>floridaengineering@gmail.co Enrolled m</td><td></td></tr><tr><td></td><td>Administrative / Professional / Consultant</td><td>Marketing &amp; Communications, Project Management &amp; Administration, Business &amp; Project Development, Economic Development</td><td>soraya@garthsolutions.com Enrolled</td><td></td></tr><tr><td>Gassant Enterprises, LLC Supplies / Materials</td><td>Services</td><td>Commercial, Healthcare, and Food Service Supplies</td><td>sales@gassantenterprises.c Enrolled om</td><td></td></tr><tr><td>Grace &amp; Naeem Uddin, Inc. General Construction /</td><td>Contractors</td><td>Engineering service professional</td><td>Grace@gnuinc.com</td><td>Enrolled</td></tr><tr><td>Gurri Matute PA</td><td>Architectural Engineering Architecturalinterior design/planning firm Services</td><td></td><td>daphneg@gurrimatute.com Enrolled</td><td></td></tr><tr><td>Hammond &amp; Associates, Inc.</td><td>TBD</td><td>Engineering Design Services and Construction</td><td>TOTALHAM@BELLSOUTH. Enrolled NET</td><td></td></tr><tr><td>Hi-Tech Import-Export Corporation</td><td>Suppies / Materials</td><td>Electrical Apparatus and equipment, wiring supplies, and related equipment merchant wholesalers</td><td>sales@hitechtoolkits.com</td><td>Enrolled</td></tr></table>",
        "page_idx": 4
    },
    {
        "type": "text",
        "text": "CERTIFIED SUPPLIER DIRECTORY ",
        "text_level": 1,
        "page_idx": 5
    },
    {
        "type": "table",
        "img_path": "images/e3e3dfde8de066c7e3467d789672687bd4d95bf41e600fe6f5c59e88744d4968.jpg",
        "table_caption": [],
        "table_footnote": [],
        "table_body": "<table><tr><td colspan=\"2\">COLLEGE Hi-Tech Roofing &amp; Sheet General Construction /</td><td>Certified Roofing Contractor, Re-roofing, New Construction,</td><td>Estimating@hi-</td><td>Enrolled</td></tr><tr><td>Metal Inc Holsen Inc.</td><td>Contractors Suppies / Materials</td><td>Service &amp;Repairs PROMOTIONAL PRODUCTS, T-SHIRT, UNIFORMS, SIGNAGE</td><td>techroofing.com darry@holseninc.com</td><td>Enrolled</td></tr><tr><td>I.B. Glazing, Inc.</td><td>General Construction /</td><td>Specialize in storefront, curtain wall impact/ non impact, window</td><td>anthony@ibglazing.com</td><td>Enrolled</td></tr><tr><td>ICG LLC</td><td>Contractors Computer / Information Systems</td><td>replacement, fabrication, mirror installation, shower &amp; tub enclosure and replacement for commercial and residential ICG is a technology consulting and software, solution development services company, with a strong focus on infrastructure automation and hybrid cloud integration. Located in</td><td>mibarra@icgautomation.co Enrolled m</td><td></td></tr><tr><td></td><td></td><td>Miami, Florida, ICG&#x27;s priority is to help customers modernize their IT infrastructure through virtualization by providing extensible design that considers future integrations, deploying the most trusted cloud technologies on the market. ICG optimizes performance by building custom automation in the cloud reducing manual effort, simplifying the user experience, and speeding up internal processes in a customers&#x27; development or production environment. ICG&#x27;s extensive experience in the field, serving Fortune 100 has led to strategic partnerships with VMware and ServiceNow as a preferred professional services partner having delivered 150+ engagements to date.</td><td></td><td></td></tr><tr><td>iPhone and iPad Warehouse</td><td>Educational Equipment, Materials, Supplies and</td><td>We offer Professional IT Services, resales, , staffing.</td><td>brian@ppwstores.com</td><td>Enrolled</td></tr><tr><td>J. Mori Painting,Inc.</td><td>Repairs Island Cleaning Company Suppies / Materials</td><td>Janatorial service/ Home Improvement</td><td>Island8@bellsouth.net jmori@jmoripainting.com</td><td>Enrolled</td></tr><tr><td>JAM Environmental &amp;</td><td>General Construction / Contractors Facilities Management /</td><td>Painting Storage tank, spill containment, clean-up &amp; hazardous waste</td><td>Ibisbey@jamenvironmental. Enrolled</td><td>Enrolled</td></tr><tr><td>Vacuum Services, LLC</td><td>Support Services</td><td>elimination system, vacuum &amp; dust collectors for hazardous materials, remediation services , emergency response</td><td>com</td><td></td></tr><tr><td>Jampol Protective Services Inc.</td><td>Administrative / Professional / Consultant</td><td>Uniform and loss prevention Security Guard and patrol Services,Private Investigations, Fingerprinting and background</td><td>admin@jampolprotectiveser Enrolled vices.com</td><td></td></tr><tr><td>Jasper Enterprises, Inc.</td><td>Services General Construction /</td><td>check Painting, Waterproofing, Caulking, Vapor Blasting, and</td><td>jasperenterprise@aol.com</td><td>Enrolled</td></tr><tr><td>Jezerinac Group, PLLC</td><td>Contractors Architectural / Engineering Structural Engineering Services</td><td>Electrostatic Painting</td><td>sdegraaf@jezerinacgroup.c Enrolled</td><td></td></tr><tr><td></td><td>Services</td><td>Jorge A Gutierrez Architect Architectural / Engineering architectural and interior design professional services, ADA,</td><td>om jorge@jagaia.com</td><td>Enrolled</td></tr><tr><td>LLC Koldaire, Inc.</td><td>Services General Construction / Contractors</td><td>Project Management HVAC/MECHANICAL CONTRACTOR GENERAL CONTRACTOR ACCOUNTING@KOLDAIR Enrolled</td><td>E.NET</td><td></td></tr></table>",
        "page_idx": 5
    },
    {
        "type": "text",
        "text": "CERTIFIED SUPPLIER DIRECTORY ",
        "text_level": 1,
        "page_idx": 6
    },
    {
        "type": "table",
        "img_path": "images/8171a93ba562126a568bf33dd487f43f281035ebac43a2e10550fd9258f34d1a.jpg",
        "table_caption": [],
        "table_footnote": [],
        "table_body": "<table><tr><td>L. Ortega &amp; Associates of Tampa Bay</td><td>Computer / Information Systems</td><td>IT Services company, that specialist in professional deployment services</td><td>information@lortega.com</td><td>Enrolled</td></tr><tr><td>Larneka Joseph dba Brightly Awake</td><td>Administrative / Professional / Consultant</td><td>Wellness and mindset coach. Speaker. Consultant</td><td>info@brightlyawake.com</td><td>Enrolled</td></tr><tr><td>Laura Llerena &amp; Associates, Inc.</td><td>Services Architectural / Engineering Landscape Arhitectural Services Services</td><td></td><td>Ihernandez@llerena- associates.com</td><td>Enrolled</td></tr><tr><td>LIVS Associates, LLC</td><td>Services</td><td>Architectural /Engineering ARCHITECTURE &amp; ENGINEERING SERVICES</td><td>LIVS@LIVS.NET</td><td>Enrolled</td></tr><tr><td>M.C. Harry &amp; Associates Inc.</td><td>Services</td><td>Architectural / Engineering MC Harry &amp; Associates, Inc. is a local fullservice architectural firm that has been serving public agencies throughout Florida with professional services of a recognized high quality for over 64</td><td>ecosta@mcharry.com</td><td>Enrolled</td></tr><tr><td>Mali Enterprises, LLC</td><td>Supplies / Materials</td><td>years. We supply hospital level EPA registered disinfectant wipes for medical and office use.</td><td>admin@jacamarpro.com</td><td>Enrolled</td></tr><tr><td>Master Consulting Engineers, Inc. Meridian Partners LLC</td><td>Services</td><td>Architectural Engineering Structural Engineering, Forensic Engineering, Threshold Inspections, and Restoration services.</td><td>admin@mcengineers.com</td><td>Enrolled</td></tr><tr><td></td><td>Computer / Information Systems</td><td>Computer Services; Enterprise Resource Planning and Business Intelligence expertise including SAP software, assessment, programming, testing, training, roll out and maintenance of</td><td>hr@mp.team</td><td>Enrolled</td></tr><tr><td>Miami Wrecking Co.</td><td>General Construction / Contractors</td><td>customized solutions Demolition</td><td>estimating@miamiwrecking. Enrolled com</td><td></td></tr><tr><td>MK ProSource LLC</td><td>Supplies / Materials</td><td>We are a DBE certified vendor registered with Miami Dade County and the SBA. We sell to VA &amp; DOD facilities, Fire, EMS &amp; Police depts with backorder and shortage items, like supplies including medical and PPE. We also offer disposables, janitorial</td><td>mariam@mkprosource.com Enrolled</td><td></td></tr><tr><td>N&amp;P Construction and Development, Inc</td><td>General Construction / Contractors</td><td>items and cleaners. Total, Selective and Site demolition</td><td>apiedra80@yahoo.com</td><td>Enrolled</td></tr><tr><td>New Dimension International</td><td>Administrative/ Professional / Consultant</td><td>New Dimension International is a Training and Consulting Corporation that provides Personal and Professional</td><td>MRHARDGE@GMAIL.COM Enrolled</td><td></td></tr><tr><td>Nyarko Architectural Group, Inc.</td><td>Services Services</td><td>Development Training for Staff and Students. Architectural / Engineering Architectural and Engineering Services; Design and Construction Administration Services</td><td>cn@nyarkoarchitects.com</td><td>Enrolled</td></tr><tr><td>R.E. Chisholm Architects, Inc.</td><td>Services</td><td>Architectural / Engineering Architecture, Planning, Urban Planning, and Interior Design.</td><td>bob@chisholmarchitects.co Enrolled</td><td></td></tr><tr><td>Reliance Engineering</td><td>Architectural / Engineering Structural Design and Construction Inspections.</td><td></td><td>m RWARIER@GMAIL.COM</td><td>Enrolled</td></tr><tr><td>Roberts Trafic Marking Corp</td><td>Services TBD</td><td>Airport Striping, Roadways, Parking Garages, Parking Lots, Surface Preparations, Marking Removal, Shotblasting, Waterblasting, Grinding, Pressure Cleaning, Ground-mounted Signage, Sealcoating, Car Stops/Bumpers, Traffic Control</td><td>projects@robertstraffic.com Enrolled</td><td></td></tr></table>",
        "page_idx": 6
    },
    {
        "type": "table",
        "img_path": "images/be2345529d9a843fdd137cf82a264f8d05559fd223e55e917e47b235a2aca841.jpg",
        "table_caption": [],
        "table_footnote": [],
        "table_body": "<table><tr><td>Rodriguez Architects, Inc.</td><td>Administrative / Professional / Consultant Services</td><td>Professional Architectural Services</td><td>lourdes@rodriguezarchitect Enrolled s.com</td><td></td></tr><tr><td>Ross Engineering, Inc.</td><td>Architectural / Engineering Civil Engineering Services and Inspection Services Services</td><td></td><td>marketing@rossengineers.c Enrolled om</td><td></td></tr><tr><td>SANelson &amp; Associates LLC</td><td>Administrative / Professional / Consultant Services</td><td>OUTREACH COMMUNITY INVOLVEMENT MANAGEMENT CONSULTING PUBLIC RELATIONS</td><td>SOPHIA@SANELSON.CO</td><td>Enrolled</td></tr><tr><td>Inc</td><td>Services</td><td>SDM Consulting Engineers Architectural / Enginering Consuting Professional Mechanical &amp; Electrical Engineering Services</td><td>laurief@sdmcorp.com</td><td>Enrolled</td></tr><tr><td>Seherlhde LLC dba Freedom Air Fitration and Wholesale</td><td>Supplies / Materials</td><td>Air Filtration Products, UVC lights for HVAC, Other fitration products.</td><td>steve@freedomairfiltration.c Enrolled om</td><td></td></tr><tr><td>SRS Engineering, Inc.</td><td>Services</td><td>Architectural / Engineering Provide civil engineering design services to local private clients and public municipalities; project experience in civil engineering, water/sewer infrastructure, and roadway design services.</td><td>ignacio@srs-corp.com</td><td>Enrolled</td></tr><tr><td>Stephan Reeves dba Montage Diversity</td><td>Administrative / Professional/Consultant</td><td>Specialize in diversity &amp; inclusion (D&amp;l), supplier diversity, strategic planning, training, program implementation and</td><td>sburke@montagediversity.c Enrolled om</td><td></td></tr><tr><td>Consultants, LLC Tech Army, LLC</td><td>Services TBD</td><td>management IT Consulting and Staff Augmentation Services Public Involvement, Community/Government Relations</td><td>spatil@techarmy.com info@themerchantstrategy.c Enrolled</td><td>Enrolled</td></tr><tr><td>The Merchant Strategy, Inc. Administrative /</td><td>Professional / Consultant Services</td><td></td><td>om</td><td></td></tr><tr><td>The MS Factor, LLC</td><td>Administrative / Professional / Consultant Services</td><td>Advertising, Marketing, Public Involvement, Community/Gov. Relations, Lobbying and Promo Items</td><td> info@themsfactor.com</td><td>Enrolled</td></tr><tr><td>The Tamara Peacock Company Architects of Florida</td><td>Architectural / Engineering Architectural Services Services</td><td></td><td>tamara@tamarapeacock.co Enrolled m</td><td></td></tr><tr><td>The TekCorporation LLC dba TekRecruiter</td><td>Administrative / Professional / Consultant</td><td>Staffing, Recruiting, Temporary Help Services, Executive Search Services, Employment Placement Agency, IT Contractors, IT</td><td>rsmith@tekrecruiter.com</td><td>Enrolled</td></tr><tr><td>Thomas Geotechnical Services, LLC</td><td>Services Engineer/Inspection Services</td><td>Recruiting, IT Temp. Engineering, materials testing and inspections</td><td>francois@thomasgeo.com</td><td>Enrolled</td></tr><tr><td>Thomas Maintenance Services, Inc.</td><td>Supplies / Materials</td><td>Sodding installation, Tree Service, Equipment Rental, Grounds Maintenance</td><td>thomasmaintserv@aol.com Enrolled</td><td></td></tr><tr><td>THOUSAND AND ONE PAINTING CORP.</td><td>Facilities Management / Support Services</td><td>Interior &amp; exterior painting and wall covering</td><td>info@1001painting.com</td><td>Enrolled</td></tr><tr><td>TWR Engineers, Inc.</td><td>Engineer/lnspection Services</td><td>Engineering services; drafting; building inspection services</td><td>mirta@twrengineers.com</td><td>Enrolled</td></tr><tr><td>Upscale Event By Mosaic Administrative / LLC dba The Mosaic Group Professional / Consultant public relations firm</td><td>Services</td><td>Full-service marketing, advertising, government relations, and</td><td>asorrell@upscalebymosaic. Enrolled com</td><td></td></tr></table>",
        "page_idx": 7
    },
    {
        "type": "table",
        "img_path": "images/b1aaa711bc6acee66d02e86eb3742b8b6211667627b90f66b4b21ae39d2b6efa.jpg",
        "table_caption": [],
        "table_footnote": [],
        "table_body": "<table><tr><td rowspan=\"2\">COLLLOL VDCO Tech Inc.</td><td rowspan=\"2\">Administrative / Professional / Consultant Services</td><td colspan=\"2\">VDCO Tech Inc. is a progressive BIM/VDCO service provider and ssmerkers@vdcotech.com owner agent specializing in building information modeling,</td><td rowspan=\"2\">Enrolled</td></tr><tr><td>management and LEAN processes. At VDCO Tech we work to bridge the gap between real world practice and technologies. We help clients identify areas in their organization that can benefit from proven workflows and best practices.</td><td></td></tr><tr><td>VIA Design Studio</td><td>Services</td><td>Architectural / Engineering Architectural and Interior Design Professional Design Firm</td><td>anapaula@viadesignstudio. Enrolled com</td><td></td></tr><tr><td>Walters Zackria Associates, PLLC</td><td>Services</td><td>Architectural /Enginering Walters Zackria Associates LLC (WZA) is an Architectural Firm admin@wa-architects.com Enrolled that can expeditiously and creatively respond to your needs. WZA is a Ft. Lauderdale based firm that has served South Florida municipal clients since 1981. Located in Central Ft. Lauderdale, our office is twenty minutes from most project sites, and our proximity allows for us to respond to your needs quickly. WZA is a locally certified MBE and CBE.</td><td></td><td></td></tr><tr><td>Williamson Dacar Associates d/b/a/ Williamson Dacar Donaudy Wolfcreek Consulting, Inc. Administrative /1</td><td>Services</td><td>Architectural / Engineering Architecture, Interior Design, Planning, Structural Engineering Employeestfing</td><td>tdonaudy@wda.biz</td><td>Enrolled</td></tr><tr><td>A&amp;P International, Inc.</td><td>Professional / Consultant Services</td><td>A. Corporate Solutions B. DBE Business Coaching and</td><td>jay@wccstaffing.com information@anpint.com</td><td>Enrolled</td></tr><tr><td></td><td>Administrative / Professional / Consultant Services</td><td>Development C. Cultural Relevant Translations</td><td></td><td></td></tr><tr><td>AIRQUEST ENVIRONMENTAL, INC. Boretech Utilities &amp; Maintenance Inc.</td><td>TBD General Construction / Contractors</td><td>Leader in environmental consulting and industrial hygiene services CRobertson@airquestinc.co Bore Tech Utilities &amp; Maintenance Inc. (&quot;Bore Tech&quot;) provides in- house project management, construction management and crew</td><td>m wendyboretech@gmail.com</td><td></td></tr><tr><td></td><td></td><td>staff experienced in Fiber Optic Cabling (direct buried, underground and aerial cabling) antenna and line installation and maintenance, equipment installation and commissioning, and site civil clearing, demolition, work and maintenance. Our experience and knowledge also includes electrical services, grounding, splicing, permitting, as well as Power and Telco installation and coordination.</td><td></td><td></td></tr><tr><td>Greenteam Plumbing LLC TBD</td><td></td><td>Commercial plumbing contractors</td><td>monica@greenteamservice corp.com</td><td></td></tr></table>",
        "page_idx": 8
    },
    {
        "type": "table",
        "img_path": "images/ebe68a390bfc3eb97a14c9941d368dbdaa121085916870fe082fcdfb7e42968e.jpg",
        "table_caption": [],
        "table_footnote": [],
        "table_body": "<table><tr><td>MagnifyFund LLC</td><td>Medical / Surgical</td><td>Administrative Consulting Services Autoclaves Barrier Blades, Scalpels Barrier Products, Packs, Gowns, Drapes Centrifuge Clinical Education Clinical Laboratory Reagents and Tests: Diagnostic COVID19 Antibody &amp; Antigen tests. Communications Public Relations Consulting Services Consultant Management Services Diagnostic Equipment: Medical &amp; Dental X-ray equipment Disinfectant Dispensers Durable Medical &amp; Dental Equipment Education and Training Consulting Services Fundraising Services Gloves &amp; PPE Hand Sanitizer Implants - Dental Implants &amp; Biomaterials Instruments - Medical &amp; Dental Instruments, Disposable Laboratory Equipment &amp; Accessories Management Consulting Services Medical Custom Trays Medical &amp; Dental Education Speaker / Lecturer for Continuing Medical &amp;</td><td>zarzar@camarlengo.org</td></tr><tr><td>PHOENIX BUS INC Pro-Line Industrial</td><td>Other Services</td><td>Dental Education Surgical Custom Trays Testing Services - COVID19 testing transportation / Travel / Charter bus</td><td>contact@phoenixbusorlando .com</td></tr><tr><td>Products, Inc. Promotional Specialties of Other Services South Florida, INC</td><td>Supplies / Materials</td><td>Industrial and specialty chemicals for facility and equipment maintenance Novelties, Promotional and Specialty Products, Including Biodegradable; Souvenirs adPrizes:Promotional,Advertising, etc; Athletic Clothing, Athletic Clothing Accessories; Coats,</td><td>info@prolineindustrial.com promospecialties@aol.com</td></tr><tr><td></td><td></td><td>Jackets, Parkas, Vests, Cold Weather Disposable Clothing (See Class 475 for Hospital Type); Silk Screened and Embroidered Clothing and Apparel; Uniforms, Blended Fabric Uniforms, Cotton Bandanas, Handkerchiefs, Ties, etc.; Bands: Arm, Hat, Head, Sweat, etc; Caps;Gloves, Neoprene and Rubber, A Types Gloves: Latex, Plastic, PVC, Poly, Synthetic, Vinyl, etc; Al Types Hoods, Mittens, Mufflers, Scarves, Warmers, etc.; Cold Weather Badges; Awards, Emblems, Name Tags and Plates, Jewelry; Attache Cases Back and Fanny Packs; Brief Cases, Brief Bags, and Portfolios; Business and Credit Card Holders, Binders, Folders, etc; Duffle and Tote Bags Travel Kits and Accessories; Decals; Decals, Heat Transfer Decals, Pressure Sensitive Adhesive; Decals, Screen Printed; Gift Wrap Paper Including Tissue Paper and Ribbons, Environmentall Certified Products; Personal Protective Equipment (PPE)</td><td>BBEHAR@RJBEHAR.COM</td></tr><tr><td>R.J. Behar &amp; Company, INC.</td><td colspan=\"3\">Architectural / Engineering Architectural / Engineering Services Services</td></tr><tr><td></td><td>RADISE International, L.C. Architectural / Engineering Construction Materials Testing, CMT Laboratory, CMT Field, Services Drilling, CEI</td><td></td><td>anna.garcia@radise.net</td></tr><tr><td>The BG Group LLC</td><td>General Construction / Construction Contractors</td><td colspan=\"2\">ivy@bgdemolition.com</td></tr></table>",
        "page_idx": 9
    },
    {
        "type": "text",
        "text": "CERTIFIED SUPPLIER DIRECTORY ",
        "text_level": 1,
        "page_idx": 10
    },
    {
        "type": "table",
        "img_path": "images/2c1dc5d1dcc6c8461eb07d3afde5359eecdf44d5805b4c5f7d08f4fae1c8e2d3.jpg",
        "table_caption": [],
        "table_footnote": [],
        "table_body": "<table><tr><td>The Office Cart, LLC</td><td>Supplies / Materials</td><td>Office Supplies, Janitorial Supplies, Breakroom Supplies, Toner Cartridges, IT Supplies, Promotional Supplies, and many more.</td><td>panderson@aisupplies.net</td></tr><tr><td>Transportation Solutions &amp; Supplies / Materials Lighting, Inc.</td><td></td><td>We are supplies and integrators of traffic, safety and lighting products throughout the southeast</td><td>customerservice@tsandl.us</td></tr></table>",
        "page_idx": 10
    }
]