[
    {
        "type": "table",
        "img_path": "images/3aab13ebb8d865415d4f29090be4cd33867b26c12b56a102f5c455ddbf6c58ef.jpg",
        "table_caption": [],
        "table_footnote": [],
        "table_body": "<table><tr><td>Type of Business</td><td>Frst Name</td><td></td><td>Last NameCompany Name</td><td>Company Address</td><td></td><td>Phone Number Company Email</td><td>Company Website Link</td><td>Company Facebook Page Link</td><td>Company Description in 140 characters. We Empower Influencers - Business Coaching, Mast,</td></tr><tr><td>Business Coaching/Consuting Karl</td><td></td><td></td><td>Higher Impact, ILC</td><td>P.O. Box 483 Maytown, PA 17550</td><td>717-689-4227</td><td>karl@higherimpact.m Kirk@milkandhoneyc</td><td>www.HigherImpact.e</td><td>eneursMovement/</td><td>https:/ww.facbok.com/EnreprTecholgy Consultig for Kigo Entrepreneurs! e offr hghe frable, scratch caering using locall sued</td></tr><tr><td>Catering</td><td>Kirk</td><td>Whitworth</td><td>Milk+ Honey Caterig Gold Star Cleaning and Maintenance</td><td></td><td>717-294-8427</td><td>aterig.com</td><td>Www.milkandhoneycatering.com</td><td>ww.Facebook.com/milkandhoney ingreients to the Susquehana Valley.</td><td>Residential and commercial cleaning and maintenance services such as painting, one time cleaning, floor and carpet care, and unit turnovers.</td></tr><tr><td>Cleaning and Maintenance</td><td></td><td></td><td></td><td>Willow Street, PA R0om A-514, Qigdao World Trade Center, No.6 Hongkong Midde</td><td>717-629-3645</td><td>samj67@gmail.com</td><td></td><td></td><td>e supply clothing ildin hs</td></tr><tr><td>Clothing Suplier Commerica Landscaping &amp; Snow Removal</td><td>Andy Bend</td><td>Ye Stoltzfus</td><td>Qingdao PIL International Tr na 266071 Creation Landscaping and Law Suite 365</td><td>313 W Liberty Street</td><td>0086 13963937377com 717-587-3232</td><td>andy@ertongshigong pingandlawncare.com care.com/</td><td>Ben@creationlandsca |htps:/ creationlandscapingandlawn</td><td>quality services.</td><td>pajamas, sweaters, baby wears and caps. Creation Landscaping is dedicated to exceeding our customers&#x27; expectations with the highest Our team will partner with you to design and</td></tr><tr><td>Construction</td><td></td><td>King</td><td>Quarry View Construction LLC</td><td>695 Hartman Station Rd Lancaster Pa 17601 717-283-4870</td><td>.com</td><td>ben@yourbarnbuilder</td><td>http://www.yourbarnbuilder.com</td><td>https:/www.fcebook.com/Quarryequestrin facility, comercia building and viewconstruction more.</td><td>buil y ust he etea</td></tr><tr><td>Construction</td><td> Daviddd</td><td>Lauer</td><td>Lauer Construction Services</td><td>325 Cottge Hil Road, York, PA 17401</td><td>717-848-2932</td><td>becky@lauer- construction.com</td><td>LauerConstructionServices.com</td><td>https:/www.facebook.com/pg/Lau er-Construction-Services projects.</td><td>construction management large and small Replace windows, doors, siding oofs,8   s </td></tr><tr><td>Contractor Custom Cabinetry and Woodwork</td><td>Tny</td><td>Sahd</td><td>Sahd Property Maintenance Lancaster County Cabietry, 3231 Safe Harbor Rd</td><td></td><td>717-572-9074</td><td>Sahdpropertymainten ance@gmail.com Scott@LancasterCouwww.LancasterCountyCabinetry.co</td><td></td><td></td><td>bathrooms, tc,).d Free estimatees ineusto bine  fo https://www.facebook.com/Lancast your home or business. From the simple and practical, to the intricate and elegant.</td></tr><tr><td>Electrician</td><td></td><td></td><td>Vital Energy Solutions</td><td>Conestoga, 17516 2537 Bachmantown Rd</td><td>717-368-6826</td><td>tyCabinetry.com citalenerg 79@gmail.</td><td></td><td>rCuntyCabinetryy</td><td>We are a veteran-owned electrical contractor providing residential and commercial electrical htps:/ww.faeokco/vitaleevies t te Lancaster, ork, and Harrisbr</td></tr><tr><td></td><td></td><td></td><td></td><td></td><td></td><td></td><td></td><td>rgrysolutions</td><td>areas. D you      </td></tr><tr><td>Excavation &amp; Paving</td><td></td><td></td><td></td><td></td><td></td><td></td><td></td><td></td><td></td></tr><tr><td></td><td></td><td></td><td></td><td></td><td></td><td></td><td></td><td></td><td></td></tr><tr><td>Eye Care</td><td>Ralph</td><td></td><td></td><td></td><td></td><td></td><td></td><td>https:/www.facebook.com/Modern pairs of glasses purchased Dayspring will earn a</td><td></td></tr><tr><td></td><td></td><td></td><td></td><td></td><td></td><td></td><td></td><td></td><td>Dayspring families wil eijoy 20% f. Eery 2</td></tr><tr><td>Contractor</td><td>Jordan</td><td></td><td></td><td></td><td></td><td></td><td></td><td></td><td>Family owned and operated serving the</td></tr><tr><td></td><td></td><td></td><td></td><td></td><td></td><td></td><td></td><td></td><td></td></tr><tr><td></td><td></td><td>Ellis</td><td>RB Elis Corp..</td><td>12Derce A 102</td><td>717-951-2536</td><td>be.corp@gmalccom</td><td></td><td></td><td></td></tr><tr><td></td><td></td><td></td><td></td><td></td><td></td><td></td><td></td><td></td><td></td></tr><tr><td></td><td></td><td></td><td></td><td></td><td></td><td></td><td></td><td></td><td></td></tr><tr><td></td><td></td><td></td><td></td><td></td><td></td><td></td><td></td><td></td><td></td></tr><tr><td></td><td></td><td></td><td></td><td>3995 Continental Dr,</td><td></td><td></td><td></td><td></td><td></td></tr><tr><td></td><td></td><td>Funk</td><td>DH Funk &amp; Sons</td><td>Columbia PA, 17512</td><td>717-684-0708</td><td>info@dhfunk.com</td><td>dhfunk.com</td><td></td><td>Eatig</td></tr><tr><td></td><td></td><td></td><td></td><td></td><td></td><td></td><td></td><td></td><td>commercial, industrial, and residential projects.</td></tr><tr><td></td><td></td><td></td><td></td><td></td><td></td><td></td><td></td><td></td><td></td></tr><tr><td></td><td></td><td></td><td></td><td></td><td></td><td></td><td></td><td></td><td></td></tr><tr><td></td><td></td><td></td><td></td><td></td><td></td><td></td><td></td><td></td><td></td></tr><tr><td></td><td></td><td></td><td>ModernEYES Optical</td><td>1635 Manheim Pike</td><td></td><td>lancaster@meoptical.</td><td></td><td></td><td></td></tr><tr><td></td><td></td><td>Scott</td><td></td><td></td><td>717-299-0925</td><td></td><td>www.meoptical.com</td><td>EyesOptical/</td><td></td></tr><tr><td></td><td></td><td></td><td></td><td></td><td></td><td>com</td><td></td><td></td><td>free pair of glasses for someone in need.</td></tr><tr><td></td><td></td><td></td><td></td><td></td><td></td><td></td><td></td><td></td><td></td></tr><tr><td></td><td></td><td></td><td></td><td></td><td></td><td></td><td></td><td></td><td>Next to New Fine Furniture is a family owned</td></tr><tr><td>Furniture and Home Décor</td><td></td><td></td><td></td><td></td><td></td><td></td><td></td><td></td><td></td></tr><tr><td></td><td></td><td></td><td></td><td></td><td></td><td></td><td></td><td></td><td>usiess tht cnsigs afoable gen u</td></tr><tr><td></td><td></td><td></td><td></td><td>573 Willow Rd</td><td></td><td></td><td></td><td></td><td></td></tr><tr><td>Consignment</td><td></td><td></td><td></td><td></td><td></td><td></td><td></td><td></td><td></td></tr><tr><td></td><td></td><td></td><td></td><td></td><td></td><td>Nexttonewbusiness@</td><td></td><td></td><td></td></tr><tr><td></td><td>Jonah &amp; Kimberlyy</td><td></td><td></td><td>Next To New Fine Furniture Lancaster PA 17601</td><td>717-392-0106</td><td></td><td>Nexttonewfinefurniture.com</td><td></td><td></td></tr><tr><td></td><td></td><td>Eastep</td><td></td><td></td><td></td><td>gmail.com.com</td><td></td><td>hp:/ m.facek rofl,phphigh-gualit se furnite e  cr!</td><td></td></tr><tr><td></td><td></td><td></td><td></td><td></td><td></td><td></td><td></td><td></td><td></td></tr><tr><td></td><td></td><td></td><td></td><td></td><td></td><td></td><td></td><td></td><td></td></tr><tr><td></td><td></td><td></td><td></td><td></td><td></td><td></td><td></td><td></td><td>We work with Lancaster&#x27;s skilled Amish Muphy beds, cainet dinng ad edoo</td></tr><tr><td>ure and Murphy Beds Andrew &amp; Hilary</td><td></td><td></td><td></td><td>101 W. Main treet,, Suite B, Salunga, A</td></table>",
        "page_idx": 0
    },
    {
        "type": "table",
        "img_path": "images/9e8737c2b16061ca28a70821db4fcc05d29d04408c0fb26b2a5c5693045267aa.jpg",
        "table_caption": [],
        "table_footnote": [],
        "table_body": "<table><tr><td>Furniture and Vintage Home Goods Retail Store</td><td>Jil</td><td>Marhevka</td><td>Vintage &amp; Co.</td><td>3545 Marieta Avenue, Lancaster, PA 17601</td><td>717-201-2014</td><td>jll@vintandco.com Solidrockbuilder@gm</td><td>http://www.VintandCo.com</td><td></td><td>inae   h://./intpp nint fi nd vintage home goods.</td></tr><tr><td>Gencal ontro</td><td>Elmer</td><td>Bele</td><td>Solid Rock Builder, LLC</td><td>10 eae A  03</td><td>717 575-7692</td><td>ail com</td><td>Solidrockbuilder.com</td><td></td><td>Our reip eds igy snte, n</td></tr><tr><td>Homemade Goat Milk Soaps</td><td>Holly</td><td>Smith</td><td>Stony Ridge Soap Company</td><td>5281 Twilight Lane, York, PA 17406</td><td>717-330-8566</td><td>stonyridgesoapco@g mail.com</td><td></td><td></td><td>colored bars that cleanse the skin well yet are https:/w.fcebook.co/Stonyigente enugh for your hands, fac, and body. it Additios, Kitchens, Bathros, Basents,</td></tr><tr><td>Home Remodeling &amp; Construction</td><td>Clint</td><td>Bomberger</td><td>C.R. Bomberger Construction</td><td></td><td>717-278-7909</td><td>crbomberger@comca st.net</td><td></td><td>https:/www.facebook.com/CRBo mbergerConstruction/ More.</td><td>Decks, Windows &amp; Doors, Custom Tile, &amp; Have an odd job? Unwanted vehicle? Need a dump run? Cargo and Dump trailer rental?</td></tr><tr><td>Junk Removal</td><td>Bob</td><td>Elis</td><td>Odd Job Bob</td><td>12 Deerfield Rd. Lancaster, PA. 17603</td><td>717-951-2536</td><td>Rbe.corp@gmail.com</td><td></td><td>Odd Job Bob</td><td>Punch list? Don&#x27;t know who else to cal? Call Barley Sne is a fl-service law fr epresentig busiessesaizatis </td></tr><tr><td>Law Firm</td><td>Don</td><td>Geiter</td><td>Barley Snyder</td><td>Lancaster, PA 17602</td><td>717-399-4154</td><td>dgeiter@barley.com</td><td>www.barley.com</td><td></td><td>individuals in all major civil areas. I repair and install anything from antique restoration to modern keyless entry locks for a</td></tr><tr><td>Locksmith</td><td>Joe</td><td>Ansel</td><td>Ansels Lock &amp; Key Service</td><td>2228 MarietaAvenue717-393-5727</td><td></td><td>jkansel@hotmail.com Ansellock.com</td><td></td><td></td><td>business, home, or auto. Call or text anytime! The Lancaster Patriot is a conservative newspaper operating on Christian principles.</td></tr><tr><td>Newspaper</td><td>Dave and Jen</td><td>Stoltzfus</td><td>The Lancaster Patriot</td><td>125 Oakridge Drive,, Mountville PA 17554</td><td>717-370-7508</td><td>info@thelancasterpat riot.com</td><td>www.thelancasterpatriot.com</td><td>https://m.facebook.com/thelancaste year.</td><td>We deliver our print newspaper 52 times a Smoker Door Sales sells and installs overhead</td></tr><tr><td>Overhead garage doors and openers</td><td>Jefff</td><td>Smoker</td><td>Smoker Door Sales</td><td>87 N. Kinzer Road</td><td>717-442-5070</td><td>jeff@smokerdoorsale s.com</td><td>www.smokerdoorsales.com</td><td></td><td>garage doors and openers for residential and commercial applications. Visit a  professional grooming dog training and sef</td></tr><tr><td>et retail store/petgrming phyial ecriy ing,</td><td>April</td><td>Ruhl</td><td>Keystone Pet Place</td><td>100 West Main Set Mount Joy, Pa 17552</td><td>717-492-0027</td><td>Aprilkeystonepet@g mail.com</td><td>www.keystonepetplace.com</td><td>animals!</td><td>se  was for y  at a </td></tr><tr><td></td><td>Don</td><td>Geiter</td><td>SecureSource Solutions</td><td></td><td>717-490-16333</td><td></td><td>www.securesourcesolutions.com</td><td></td><td>shoter atinnsis. Garden Spot Mechancical offers a full range of HVAC and Plumbing services o esidntci, s</td></tr><tr><td>Plumbing and Heating Private usic essons forpin, voice, futee</td><td>Dwayne</td><td></td><td>Garden Spot Mechanical Sneller Piano Studio</td><td>336 Hostetter Road Manheim Pa17545</td><td>717-665-0270</td><td>dkeberly@gardenspo mechanical.com ruthelyse91@gmail.co</td><td>www.gardenspotmechanical.com</td><td>|https://ww.fcbook.co/gsmma nheim/ customers.</td><td>The Sneller Piano Studio is a private music studio which offers piano, voice, flute lessons.</td></tr><tr><td></td><td></td><td></td><td></td><td>1901 Northbrook Dr</td><td></td><td>m</td><td>matthenryhomes@g htp:/mhenryironvallerelestate</td><td></td><td>home ownership. I am happy to assist as you purchase a new home or sell your current</td></tr><tr><td>Real Estate</td><td>Matt</td><td>Henry</td><td>Iron Valley Real Estate</td><td></td><td>717-740-22212</td><td>mail.com</td><td>om/</td><td>ome.</td><td> he</td></tr><tr><td>Real Estate Remodeling, Trim, Rustic</td><td>Caleb</td><td>echt</td><td></td><td>Lancaster, PA</td><td>484-995-1591</td><td>caleb@kw.com</td><td></td><td></td><td>selling ealestate ine 2005. General remodeling, kitchens, bathrooms, trim, doors, windows, and custom wood work.</td></tr><tr><td></td><td></td><td></td><td></td><td></td><td></td><td></td><td></td><td></td><td></td></tr><tr><td></td><td></td><td></td><td>Prospering Safely; Safety &amp;</td><td></td><td></td><td></td><td></td><td></td><td></td></tr><tr><td></td><td></td><td></td><td></td><td></td><td></td><td></td><td></td><td></td><td></td></tr><tr><td></td><td></td><td></td><td></td><td></td><td></td><td></td><td></td><td></td><td></td></tr><tr><td></td><td></td><td></td><td></td><td></td><td></td><td></td><td></td><td></td><td>Free estimates, and insured.</td></tr><tr><td></td><td>Brandon</td><td></td><td></td><td>Conestoga, PA 17516717-719-3247</td><td></td><td>bmoore13884@gmail 0orecarpentry</td><td></td><td></td><td></td></tr><tr><td>Furniture</td><td></td><td></td><td>Moore Carpentryy</td><td>223 Boyscout Rd,</td><td></td><td></td><td>hp://moore1384.wxsite.c/</td><td></td><td></td></tr><tr><td></td><td></td><td></td><td></td><td></td><td></td><td></td><td></td><td></td><td></td></tr><tr><td></td><td></td><td></td><td></td><td></td><td></td><td></td><td></td><td></td><td></td></tr><tr><td></td><td></td><td></td><td></td><td></td><td></td><td></td><td></td><td></td><td></td></tr><tr><td></td><td></td><td></td><td></td><td></td><td></td><td></td><td></td><td></td><td></td></tr><tr><td></td><td></td><td></td><td></td><td></td><td></td><td></td><td></td><td></td><td></td></tr><tr><td></td><td></td><td></td><td></td><td></td><td></td><td></td><td></td><td></td><td>occupational safety and health services to</td></tr><tr><td></td><td></td><td></td><td></td><td></td><td></td><td></td><td></td><td>1994.</td><td></td></tr><tr><td></td><td></td><td></td><td>isk Manageent Services,</td><td>185 Letort Road</td><td></td><td></td><td></td><td></td><td></td></tr><tr><td></td><td></td><td></td><td></td><td></td><td></td><td>[red@ProsperingSafel</td><td></td><td></td><td>industrial and construction companies since</td></tr><tr><td></td><td></td><td></td><td>LLC</td><td></td><td></td><td></td><td></td><td></td><td></td></tr><tr><td>Safety &amp; Health Consulting</td><td>Fred</td><td>Strub</td><td></td><td>Millersville, PA 17551</td><td>717-871-1162</td><td>y.com</td><td>www.PrsperingSafely.com</td><td></td><td></td></tr><tr><td></td><td></td><td></td><td></td><td></td><td></td><td></td><td></td><td></td><td></td></tr><tr><td></td><td></td><td></td><td></td><td></td><td></td><td></td><td></td><td></td><td></td></tr><tr><td></td><td></td><td></td><td></td><td></td><td></td><td></td><td></td><td></td><td></td></tr><tr><td></td><td></td><td></td><td></td><td></td><td></td><td></td><td></td><td></td><td></td></tr><tr><td></td><td></td><td></td><td></td><td></td><td></td><td></td><td></td><td></td><td></td></tr><tr><td></td><td></td><td></td><td></td><td></td><td></td><td></td><td></td><td></td><td>We specialize in alternative options to the</td></tr><tr><td></td><td></td><td></td><td></td><td></td><td></td><td></td><td></td><td></td><td>ofe tis e at sad sep</td></tr><tr><td>Sewage Disposal Systems</td><td></td><td></td><td></td><td>1345 Gil Scout Rd,</td><td>717-874-0672</td><td></td><td>www.nomoresandmounds.com</td><td></td><td>system.</td></tr><tr><td>Installation and Repair</td><td>Ciffored e Joana</td><td>Kreider</td><td>AWE-Tech IIC.</td><td>Denver, PA 17517</td></table>",
        "page_idx": 1
    },
    {
        "type": "table",
        "img_path": "images/c77ca33b67a14a7e72532865e256f6761d6a24d6c9a271e2897f5f81b4312827.jpg",
        "table_caption": [],
        "table_footnote": [],
        "table_body": "<table><tr><td>Tax Preparation</td><td>Laura</td><td>Dombach Liberty Tax</td><td></td><td>18 South Prince Street, Lancaster, Pa 17603 717-917-0370</td><td>ldombach@dlktaxes.c om</td><td></td><td>ersonal tax preparation services</td></tr><tr><td>Tiny Home Manufacturer</td><td>Karl</td><td>iffenedefe r</td><td>Greenwood Tiny Homes</td><td>1004 Wilow Sret Pike, Lancaster, PA 717-723-8122</td><td>karl@greenwoodtiny homes.com www.greenwoodtinyhomes.com</td><td>htps://.ok./eudes. We fus n fnction and se to oodtinyhomes</td><td>We build high qualt luxury tiy homes for l meet your lifestyle and financial goals.</td></tr><tr><td>Veterinary Care</td><td>Carrie</td><td>Vigeant</td><td>Healing Paws Animal Hospital, LLC.</td><td>3125Nolt Road Lancaster, PA 17601 717-455-3955</td><td>hel@helingpawsah .com www.healingpawsah.com</td><td>pawsah/</td><td>throughout their entire experience. Creating jobs for employees around the world,</td></tr><tr><td>Virtual Administrative Assistants</td><td>Karl</td><td>iffenerfe rd</td><td>Virtual Assistants Company</td><td>P.O. Box 483 Maytown, PA 17550 717-689-4227</td><td>karl@1va.co www.OneVirtualAssistant.com</td><td>AssistantsCo/</td><td>company at half the cost of local employees. At Sopranojam Music Studio, we are committed to building confident students</td></tr><tr><td>Voice and Piano Instruction</td><td>Julie</td><td>tone</td><td>Sopranojam Musi Studio</td><td>120 College Ave Mountville 717-575-0973</td><td>sopranojam@gmailc om sopranojam.com</td><td>acebook.com/sopranojam</td><td>thgh iigi performance.</td></tr><tr><td>Wedding and Event Design</td><td>Alyssa</td><td>Davis</td><td>Simply Occasional</td><td>717-481-0801 380 Old Blue Rock</td><td>simplyoccasional@ou took.com www.simplyoccasional.com</td><td>www.facebook.com/eventsbys.o</td><td>Simply Occasional s an event design company specialiignig The il at Manor Fasis a e edig and</td></tr><tr><td>Weddings and Events Venue Woodworking and Home</td><td>Don and Laura</td><td>Dombach</td><td>The Mill at Manor Falls</td><td>Road, Millesil PA 717-871-1806</td><td>events@themilltman orfalcomm www.themillatmanorfalls.com</td><td>tmanorfalls/</td><td>:///le eting to hold any type of event Custom kitchens, bathrooms, iterior</td></tr></table>",
        "page_idx": 2
    }
]